record_index,source_record_indices,source_record_count,station_key,station,area,dab_c,selection_reason,valid_dates,eligible_residual_dates,median_residual_c,fraction_residual_ge_2c,residuals_by_date,longitude_nad83,latitude_nad83,point_x_utm11_m,point_y_utm11_m
2369,2369,1,"EPSG:4269:-119.767473518000,40.255261123000",EP050,Emerson Pass,0.6,positive_2mDAB_insufficient_repeat_dates,20100414,1,,,20100414:0.700,-119.76747351799997,40.255261123000025,264635.99998759123,4459764.000152879
2368,2368,1,"EPSG:4269:-119.758365020000,40.255334630000",EP049,Emerson Pass,0.7,positive_2mDAB_insufficient_repeat_dates,20100414,1,,,20100414:0.800,-119.75836501999999,40.25533463000005,265410.999976822,4459748.000089731
1966,1966,1,"EPSG:4269:-119.753560966000,40.178289020000",AP023,Astor Pass,0.3,positive_2mDAB_insufficient_repeat_dates,20100210,1,,,20100210:-1.000,-119.75356096599995,40.17828902000008,265554.00001353235,4451182.000099552
1978,1978,1,"EPSG:4269:-119.752736915000,40.162265785000",AP035,Astor Pass,0.1,positive_2mDAB_insufficient_repeat_dates,20100210,1,,,20100210:-1.200,-119.75273691499996,40.162265785000045,265568.9999865283,4449401.000094129
2049,2049,1,"EPSG:4269:-119.752477867000,40.177350963000",AP106,Astor Pass,1.2,positive_2mDAB_insufficient_repeat_dates,20100210,1,,,20100210:-0.100,-119.75247786699998,40.17735096300004,265643.00002445944,4451075.000058774
1968,1968,1,"EPSG:4269:-119.751849168000,40.179518776000",AP025,Astor Pass,1.0,positive_2mDAB_insufficient_repeat_dates,20100210,1,,,20100210:-0.300,-119.75184916799998,40.179518776000066,265704.00001360994,4451314.000147764
2069,2069,1,"EPSG:4269:-119.751686094000,40.176937426000",AP126,Astor Pass,0.4,positive_2mDAB_insufficient_repeat_dates,20100210,1,,,20100210:-0.900,-119.75168609399998,40.17693742600005,265708.9999758993,4451027.000137841
2048,2048,1,"EPSG:4269:-119.751452271000,40.177834756000",AP105,Astor Pass,0.9,positive_2mDAB_insufficient_repeat_dates,20100210,1,,,20100210:-0.400,-119.75145227099995,40.17783475600004,265732.0000131212,4451126.000115235
2067,2067,1,"EPSG:4269:-119.750838784000,40.174858766000",AP124,Astor Pass,1.6,positive_2mDAB_insufficient_repeat_dates,20100210,1,,,20100210:0.350,-119.75083878399994,40.17485876600006,265774.00003165635,4450794.000155061
1993,1993,1,"EPSG:4269:-119.750549474000,40.176126732000",AP050,Astor Pass,4.0,positive_2mDAB_insufficient_repeat_dates,20100210,1,,,20100210:2.750,-119.75054947399997,40.17612673200006,265803.0000076895,4450934.0000921
2047,2047,1,"EPSG:4269:-119.750497417000,40.178325865000",AP104,Astor Pass,1.5,positive_2mDAB_insufficient_repeat_dates,20100210,1,,,20100210:0.250,-119.75049741699996,40.17832586500003,265814.9999819529,4451178.000071591
1969,1969,1,"EPSG:4269:-119.750454642000,40.180173474000",AP026,Astor Pass,0.4,positive_2mDAB_insufficient_repeat_dates,20100210,1,,,20100210:-0.900,-119.75045464199997,40.18017347400007,265825.00002744875,4451383.000067217
2066,2066,1,"EPSG:4269:-119.750394002000,40.174022610000",AP123,Astor Pass,1.4,positive_2mDAB_insufficient_repeat_dates,20100210,1,,,20100210:0.150,-119.75039400199995,40.174022610000065,265809.00001779385,4450700.0001177145
1992,1992,1,"EPSG:4269:-119.750063311000,40.175138427000",AP049,Astor Pass,4.0,positive_2mDAB_insufficient_repeat_dates,20100210,1,,,20100210:2.750,-119.75006331099996,40.175138427000036,265840.9999979371,4450823.000096786
1974,1974,1,"EPSG:4269:-119.749937500000,40.173186731000",AP031,Astor Pass,1.9,positive_2mDAB_insufficient_repeat_dates,20100210,1,,,20100210:0.650,-119.74993749999999,40.173186731000044,265845.00001522305,4450606.0001174575
2053,2053,1,"EPSG:4269:-119.749854457000,40.176944946000",AP110,Astor Pass,2.9,positive_2mDAB_insufficient_repeat_dates,20100210,1,,,20100210:1.650,-119.74985445699997,40.17694494600005,265864.9999787598,4451023.000142018
1991,1991,1,"EPSG:4269:-119.749568339000,40.174222391000",AP048,Astor Pass,3.7,positive_2mDAB_insufficient_repeat_dates,20100210,1,,,20100210:2.450,-119.74956833899995,40.17422239100006,265879.9999958079,4450720.000075716
2046,2046,1,"EPSG:4269:-119.749495619000,40.178818083000",AP103,Astor Pass,1.5,positive_2mDAB_insufficient_repeat_dates,20100210,1,,,20100210:0.250,-119.74949561899996,40.17881808300007,265902.0000289854,4451230.000150001
2060,2060,1,"EPSG:4269:-119.749456457000,40.172324410000",AP117,Astor Pass,1.9,positive_2mDAB_insufficient_repeat_dates,20100210,1,,,20100210:0.650,-119.74945645699995,40.172324410000044,265883.0000204374,4450509.000129574
2054,2054,1,"EPSG:4269:-119.749359473000,40.176028910000",AP111,Astor Pass,3.8,positive_2mDAB_insufficient_repeat_dates,20100210,1,,,20100210:2.550,-119.74935947299997,40.17602891000007,265903.9999978896,4450920.000153124
2061,2061,1,"EPSG:4269:-119.749185132000,40.171421072000",AP118,Astor Pass,0.6,positive_2mDAB_insufficient_repeat_dates,20100210,1,,,20100210:-0.700,-119.74918513199998,40.171421072000044,265902.9999698346,4450408.000096231
1990,1990,1,"EPSG:4269:-119.749086566000,40.173342071000",AP047,Astor Pass,4.1,positive_2mDAB_insufficient_repeat_dates,20100210,1,,,20100210:2.850,-119.74908656599996,40.173342071000036,265917.9999806086,4450621.000154117
2052,2052,1,"EPSG:4269:-119.749011835000,40.177307266000",AP109,Astor Pass,1.7,positive_2mDAB_insufficient_repeat_dates,20100210,1,,,20100210:0.450,-119.74901183499998,40.17730726600007,265937.99995907204,4451061.000070166
2055,2055,1,"EPSG:4269:-119.748832942000,40.175203698000",AP112,Astor Pass,4.3,positive_2mDAB_insufficient_repeat_dates,20100210,1,,,20100210:3.050,-119.74883294199998,40.175203698000075,265945.99999818765,4450827.0000605825
2062,2062,1,"EPSG:4269:-119.748705565000,40.170594744000",AP119,Astor Pass,0.9,positive_2mDAB_insufficient_repeat_dates,20100210,1,,,20100210:-0.400,-119.74870556499997,40.17059474400003,265941.0000058438,4450315.000164014
1989,1989,1,"EPSG:4269:-119.748577710000,40.172372313000",AP046,Astor Pass,3.0,positive_2mDAB_insufficient_repeat_dates,20100210,1,,,20100210:1.750,-119.74857770999995,40.17237231300004,265958.0000008589,4450512.000074208
2045,2045,1,"EPSG:4269:-119.748453159000,40.179176141000",AP102,Astor Pass,1.0,positive_2mDAB_insufficient_repeat_dates,20100210,1,,,20100210:-0.300,-119.74845315899995,40.17917614100003,265992.000014198,4451267.000127004
2056,2056,1,"EPSG:4269:-119.748447566000,40.174384139000",AP113,Astor Pass,5.2,positive_2mDAB_insufficient_repeat_dates,20100210,1,,,20100210:3.950,-119.74844756599998,40.17438413900004,265975.99998243677,4450735.000092778
2063,2063,1,"EPSG:4269:-119.748211374000,40.169696698000",AP120,Astor Pass,0.4,positive_2mDAB_insufficient_repeat_dates,20100210,1,,,20100210:-0.900,-119.748211374,40.16969669800005,265979.9999976562,4450214.000127477
1988,1988,1,"EPSG:4269:-119.748045771000,40.171412110000",AP045,Astor Pass,2.8,positive_2mDAB_insufficient_repeat_dates,20100210,1,,,20100210:1.550,-119.74804577099997,40.17141211000006,265999.99997247185,4450404.000154349
2051,2051,1,"EPSG:4269:-119.747988029000,40.177836025000",AP108,Astor Pass,0.6,positive_2mDAB_insufficient_repeat_dates,20100210,1,,,20100210:-0.700,-119.74798802899994,40.17783602500003,266027.0000147837,4451117.000150513
1994,1994,1,"EPSG:4269:-119.747981039000,40.175917535000",AP051,Astor Pass,2.3,positive_2mDAB_insufficient_repeat_dates,20100210,1,,,20100210:1.050,-119.74798103899997,40.17591753500005,266021.00002842804,4450904.000089282
2057,2057,1,"EPSG:4269:-119.747979716000,40.173557530000",AP114,Astor Pass,4.0,positive_2mDAB_insufficient_repeat_dates,20100210,1,,,20100210:2.750,-119.74797971599997,40.17355753000004,266013.00003870984,4450642.000152667
1979,1979,1,"EPSG:4269:-119.747831636000,40.166688110000",AP036,Astor Pass,0.5,positive_2mDAB_insufficient_repeat_dates,20100210,1,,,20100210:-0.800,-119.74783163599994,40.16668811000005,266002.0000187971,4449879.00008285
2058,2058,1,"EPSG:4269:-119.747545620000,40.172694085000",AP115,Astor Pass,3.0,positive_2mDAB_insufficient_repeat_dates,20100210,1,,,20100210:1.750,-119.74754561999998,40.172694085000046,266046.99999162497,4450545.000080794
1987,1987,1,"EPSG:4269:-119.747511668000,40.170397908000",AP044,Astor Pass,3.3,positive_2mDAB_insufficient_repeat_dates,20100210,1,,,20100210:2.050,-119.74751166799996,40.17039790800004,266042.00000477396,4450290.000124679
2044,2044,1,"EPSG:4269:-119.747413230000,40.179597184000",AP101,Astor Pass,0.4,positive_2mDAB_insufficient_repeat_dates,20100210,1,,,20100210:-0.900,-119.74741322999995,40.179597184000045,266082.000030856,4451311.0001087375
1995,1995,1,"EPSG:4269:-119.747292825000,40.175159212000",AP052,Astor Pass,2.9,positive_2mDAB_insufficient_repeat_dates,20100210,1,,,20100210:1.650,-119.74729282499999,40.17515921200004,266076.99998374644,4450818.000161212
2059,2059,1,"EPSG:4269:-119.747111898000,40.171839638000",AP116,Astor Pass,2.9,positive_2mDAB_insufficient_repeat_dates,20100210,1,,,20100210:1.650,-119.74711189799996,40.17183963800005,266081.0000040264,4450449.000113124
1986,1986,1,"EPSG:4269:-119.747110613000,40.169479630000",AP043,Astor Pass,2.4,positive_2mDAB_insufficient_repeat_dates,20100210,1,,,20100210:1.150,-119.74711061299996,40.16947963000007,266073.0000334233,4450187.000119678
2050,2050,1,"EPSG:4269:-119.747070161000,40.178371266000",AP107,Astor Pass,2.1,positive_2mDAB_insufficient_repeat_dates,20100210,1,,,20100210:0.850,-119.74707016099995,40.178371266000056,266106.99997850484,4451174.0000831
1996,1996,1,"EPSG:4269:-119.746835262000,40.174296322000",AP053,Astor Pass,4.2,positive_2mDAB_insufficient_repeat_dates,20100210,1,,,20100210:2.950,-119.74683526199999,40.17429632200003,266113.0000360103,4450721.0001128
1985,1985,1,"EPSG:4269:-119.746629271000,40.168608295000",AP042,Astor Pass,0.9,positive_2mDAB_insufficient_repeat_dates,20100210,1,,,20100210:-0.400,-119.74662927099996,40.16860829500007,266111.00003855245,4450089.000074774
1997,1997,1,"EPSG:4269:-119.746419192000,40.173297329000",AP054,Astor Pass,4.4,positive_2mDAB_insufficient_repeat_dates,20100210,1,,,20100210:3.150,-119.74641919199996,40.173297329000036,266145.0000053595,4450609.0001414195
2043,2043,1,"EPSG:4269:-119.746360103000,40.179982500000",AP100,Astor Pass,0.5,positive_2mDAB_insufficient_repeat_dates,20100210,1,,,20100210:-0.800,-119.74636010299997,40.17998250000005,266173.00002681557,4451351.000094394
1984,1984,1,"EPSG:4269:-119.746123393000,40.167710518000",AP041,Astor Pass,0.6,positive_2mDAB_insufficient_repeat_dates,20100210,1,,,20100210:-0.700,-119.74612339299995,40.167710518000035,266150.9999844269,4449988.000163504
1998,1998,1,"EPSG:4269:-119.745886186000,40.172310117000",AP055,Astor Pass,3.0,positive_2mDAB_insufficient_repeat_dates,20100210,1,,,20100210:1.750,-119.74588618599995,40.17231011700005,266186.9999782023,4450498.000117803
1999,1999,1,"EPSG:4269:-119.745265153000,40.171469116000",AP056,Astor Pass,2.7,positive_2mDAB_insufficient_repeat_dates,20100210,1,,,20100210:1.450,-119.74526515299999,40.171469116000026,266237.00001749606,4450403.000141387
2003,2003,1,"EPSG:4269:-119.745051234000,40.176356408000",AP060,Astor Pass,6.4,positive_2mDAB_insufficient_repeat_dates,20100210,1,,,20100210:5.150,-119.74505123399996,40.17635640800006,266271.9999877473,4450945.000106282
2070,2070,1,"EPSG:4269:-119.745029458000,40.162710131000",AP127,Astor Pass,0.9,positive_2mDAB_insufficient_repeat_dates,20100210,1,,,20100210:-0.400,-119.74502945799998,40.16271013100004,266227.0000264499,4449430.000139724
1981,1981,1,"EPSG:4269:-119.744887599000,40.165307740000",AP038,Astor Pass,1.6,positive_2mDAB_insufficient_repeat_dates,20100210,1,,,20100210:0.350,-119.74488759899998,40.16530774000006,266248.00000447605,4449718.000076154
2000,2000,1,"EPSG:4269:-119.744637121000,40.170745378000",AP057,Astor Pass,2.1,positive_2mDAB_insufficient_repeat_dates,20100210,1,,,20100210:0.850,-119.74463712099998,40.17074537800005,266288.00004371355,4450321.000093118
2071,2071,1,"EPSG:4269:-119.744572597000,40.163900990000",AP128,Astor Pass,1.0,positive_2mDAB_insufficient_repeat_dates,20100210,1,,,20100210:-0.300,-119.74457259699994,40.16390099000006,266269.9999965719,4449561.000118079
2004,2004,1,"EPSG:4269:-119.744557770000,40.175476346000",AP061,Astor Pass,5.6,positive_2mDAB_insufficient_repeat_dates,20100210,1,,,20100210:4.350,-119.74455776999997,40.17547634600004,266310.9999677945,4450846.00014751
2001,2001,1,"EPSG:4269:-119.744350509000,40.169752313000",AP058,Astor Pass,1.9,positive_2mDAB_insufficient_repeat_dates,20100210,1,,,20100210:0.650,-119.74435050899996,40.16975231300006,266308.9999787484,4450210.000107235
2072,2072,1,"EPSG:4269:-119.744333663000,40.162924808000",AP129,Astor Pass,2.2,positive_2mDAB_insufficient_repeat_dates,20100210,1,,,20100210:0.950,-119.74433366299996,40.16292480800007,266287.0000174551,4449452.000093731
2041,2041,1,"EPSG:4269:-119.744209059000,40.180808213000",AP098,Astor Pass,0.4,positive_2mDAB_insufficient_repeat_dates,20100210,1,,,20100210:-0.900,-119.74420905899996,40.180808213000034,266358.99996744737,4451437.000113766
2005,2005,1,"EPSG:4269:-119.744099151000,40.174586447000",AP062,Astor Pass,5.7,positive_2mDAB_insufficient_repeat_dates,20100210,1,,,20100210:4.450,-119.74409915099994,40.174586447000024,266346.9999755074,4450746.000144269
2073,2073,1,"EPSG:4269:-119.744025811000,40.161986291000",AP130,Astor Pass,1.5,positive_2mDAB_insufficient_repeat_dates,20100210,1,,,20100210:0.250,-119.74402581099997,40.16198629100006,266309.99998694676,4449347.000067402
2002,2002,1,"EPSG:4269:-119.743794464000,40.168774645000",AP059,Astor Pass,1.7,positive_2mDAB_insufficient_repeat_dates,20100210,1,,,20100210:0.450,-119.74379446399996,40.16877464500004,266353.0000034856,4450100.00012792
2006,2006,1,"EPSG:4269:-119.743573782000,40.173788206000",AP063,Astor Pass,4.5,positive_2mDAB_insufficient_repeat_dates,20100210,1,,,20100210:3.250,-119.74357378199994,40.17378820600004,266389.0000284092,4450656.000060394
2015,2015,1,"EPSG:4269:-119.743469575000,40.178195482000",AP072,Astor Pass,2.0,positive_2mDAB_insufficient_repeat_dates,20100210,1,,,20100210:0.750,-119.74346957499995,40.178195482000035,266412.99998409615,4451145.000160424
2079,2079,1,"EPSG:4269:-119.743329250000,40.168011007000",AP136,Astor Pass,1.5,positive_2mDAB_insufficient_repeat_dates,20100210,1,,,20100210:0.250,-119.74332924999999,40.168011007000075,266390.0000437901,4450014.000117711
2075,2075,1,"EPSG:4269:-119.743296467000,40.160202027000",AP132,Astor Pass,0.5,positive_2mDAB_insufficient_repeat_dates,20100210,1,,,20100210:-0.800,-119.743296467,40.160202027000025,266366.000012337,4449147.000082211
160,160,1,"EPSG:4269:-119.743293886000,40.170047605000",AP022,Astor Pass,2.3,positive_2mDAB_insufficient_repeat_dates,20070309,1,,,20070309:1.800,-119.74329388599995,40.170047605000036,266400.0000097802,4450240.000058797
1980,1980,1,"EPSG:4269:-119.743274783000,40.175110433000",AP037,Astor Pass,5.8,positive_2mDAB_insufficient_repeat_dates,20100210,1,,,20100210:4.550,-119.74327478299995,40.17511043300004,266419.00002575666,4450802.000145679
146,146,1,"EPSG:4269:-119.743239226000,40.175102268000",AP008,Astor Pass,6.2,positive_2mDAB_insufficient_repeat_dates,20070309,1,,,20070309:5.700,-119.74323922599996,40.175102268000046,266421.9999620017,4450801.000107863
2007,2007,1,"EPSG:4269:-119.743047339000,40.172962966000",AP064,Astor Pass,3.9,positive_2mDAB_insufficient_repeat_dates,20100210,1,,,20100210:2.650,-119.74304733899999,40.17296296600006,266430.99999671464,4450563.000140741
2016,2016,1,"EPSG:4269:-119.742979017000,40.177387406000",AP073,Astor Pass,3.4,positive_2mDAB_insufficient_repeat_dates,20100210,1,,,20100210:2.150,-119.74297901699998,40.17738740600004,266452.0000041217,4451054.000122594
2080,2080,1,"EPSG:4269:-119.742936735000,40.167011441000",AP137,Astor Pass,0.8,positive_2mDAB_insufficient_repeat_dates,20100210,1,,,20100210:-0.500,-119.74293673499994,40.16701144100006,266420.0000144843,4449902.000121279
2008,2008,1,"EPSG:4269:-119.742847569000,40.172084939000",AP065,Astor Pass,4.1,positive_2mDAB_insufficient_repeat_dates,20100210,1,,,20100210:2.850,-119.74284756899999,40.17208493900006,266445.0000242239,4450465.000086994
2017,2017,1,"EPSG:4269:-119.742580514000,40.176532107000",AP074,Astor Pass,5.7,positive_2mDAB_insufficient_repeat_dates,20100210,1,,,20100210:4.450,-119.74258051399994,40.17653210700007,266483.0000130336,4450958.000130794
2081,2081,1,"EPSG:4269:-119.742451478000,40.166041095000",AP138,Astor Pass,3.1,positive_2mDAB_insufficient_repeat_dates,20100210,1,,,20100210:1.850,-119.74245147799996,40.166041095000026,266458.0000233577,4449793.00010781
2018,2018,1,"EPSG:4269:-119.742238868000,40.175630420000",AP075,Astor Pass,6.2,positive_2mDAB_insufficient_repeat_dates,20100210,1,,,20100210:4.950,-119.74223886799996,40.17563042000006,266509.00002050074,4450857.0001552235
2082,2082,1,"EPSG:4269:-119.742167457000,40.165111017000",AP139,Astor Pass,1.6,positive_2mDAB_insufficient_repeat_dates,20100210,1,,,20100210:0.350,-119.742167457,40.16511101700007,266479.00003674376,4449689.000166244
2009,2009,1,"EPSG:4269:-119.742051697000,40.171275089000",AP066,Astor Pass,2.9,positive_2mDAB_insufficient_repeat_dates,20100210,1,,,20100210:1.650,-119.74205169699997,40.17127508900006,266510.00002454116,4450373.000157674
2039,2039,1,"EPSG:4269:-119.741828345000,40.179432425000",AP096,Astor Pass,0.1,positive_2mDAB_insufficient_repeat_dates,20100210,1,,,20100210:-1.200,-119.74182834499999,40.17943242500007,266557.0000339528,4451278.000156135
2084,2084,1,"EPSG:4269:-119.741797396000,40.163210134000",AP141,Astor Pass,0.9,positive_2mDAB_insufficient_repeat_dates,20100210,1,,,20100210:-0.400,-119.74179739599998,40.16321013400005,266504.0000160218,4449477.000099487
2019,2019,1,"EPSG:4269:-119.741736251000,40.174813616000",AP076,Astor Pass,6.0,positive_2mDAB_insufficient_repeat_dates,20100210,1,,,20100210:4.750,-119.74173625099996,40.17481361600005,266548.99999208015,4450765.000097844
2010,2010,1,"EPSG:4269:-119.741658454000,40.170257520000",AP067,Astor Pass,2.9,positive_2mDAB_insufficient_repeat_dates,20100210,1,,,20100210:1.650,-119.74165845399995,40.170257520000064,266540.000012343,4450259.000075848
2085,2085,1,"EPSG:4269:-119.741632279000,40.162025018000",AP142,Astor Pass,1.9,positive_2mDAB_insufficient_repeat_dates,20100210,1,,,20100210:0.650,-119.74163227899999,40.162025018000065,266514.0000237181,4449345.000156864
2086,2086,1,"EPSG:4269:-119.741383477000,40.161094102000",AP143,Astor Pass,1.0,positive_2mDAB_insufficient_repeat_dates,20100210,1,,,20100210:-0.300,-119.74138347699994,40.16109410200005,266532.00002193986,4449241.000131459
2020,2020,1,"EPSG:4269:-119.741173539000,40.173962203000",AP077,Astor Pass,6.2,positive_2mDAB_insufficient_repeat_dates,20100210,1,,,20100210:4.950,-119.74117353899999,40.17396220300003,266594.0000039026,4450669.000112205
2011,2011,1,"EPSG:4269:-119.741167755000,40.169152182000",AP068,Astor Pass,3.6,positive_2mDAB_insufficient_repeat_dates,20100210,1,,,20100210:2.350,-119.74116775499999,40.16915218200006,266578.00000060746,4450135.000153188
2013,2013,1,"EPSG:4269:-119.740813770000,40.167359010000",AP070,Astor Pass,1.9,positive_2mDAB_insufficient_repeat_dates,20100210,1,,,20100210:0.650,-119.74081376999999,40.16735901000004,266602.0000182793,4449935.000147736
2012,2012,1,"EPSG:4269:-119.740780697000,40.168287596000",AP069,Astor Pass,2.0,positive_2mDAB_insufficient_repeat_dates,20100210,1,,,20100210:0.750,-119.74078069699999,40.16828759600003,266607.9999932093,4450038.0001381915
2021,2021,1,"EPSG:4269:-119.740714975000,40.173072289000",AP078,Astor Pass,5.1,positive_2mDAB_insufficient_repeat_dates,20100210,1,,,20100210:3.850,-119.74071497499995,40.17307228900006,266629.99999879766,4450569.000158649
2036,2036,1,"EPSG:4269:-119.740564377000,40.177498678000",AP093,Astor Pass,0.6,positive_2mDAB_insufficient_repeat_dates,20100210,1,,,20100210:-0.700,-119.74056437699994,40.17749867800006,266657.9999713979,4451060.000133391
2089,2089,1,"EPSG:4269:-119.740262443000,40.157742732000",AP146,Astor Pass,0.1,positive_2mDAB_insufficient_repeat_dates,20100210,1,,,20100210:-1.200,-119.74026244299995,40.15774273200003,266616.0000115289,4448866.000151487
2022,2022,1,"EPSG:4269:-119.740188572000,40.172247033000",AP079,Astor Pass,3.7,positive_2mDAB_insufficient_repeat_dates,20100210,1,,,20100210:2.450,-119.74018857199997,40.172247033000076,266671.9999590216,4450476.000066498
2014,2014,1,"EPSG:4269:-119.740163296000,40.165491788000",AP071,Astor Pass,2.3,positive_2mDAB_insufficient_repeat_dates,20100210,1,,,20100210:1.050,-119.74016329599999,40.165491788000054,266650.9999621884,4449726.000088425
2035,2035,1,"EPSG:4269:-119.739780558000,40.176697535000",AP092,Astor Pass,0.1,positive_2mDAB_insufficient_repeat_dates,20100210,1,,,20100210:-1.200,-119.73978055799995,40.17669753500007,266722.00001441606,4450969.000143962
2023,2023,1,"EPSG:4269:-119.739553342000,40.171343283000",AP080,Astor Pass,3.4,positive_2mDAB_insufficient_repeat_dates,20100210,1,,,20100210:2.150,-119.73955334199997,40.171343283000056,266723.00003886945,4450374.000166059
2097,2097,1,"EPSG:4269:-119.739501272000,40.164795850000",AP154,Astor Pass,1.1,positive_2mDAB_insufficient_repeat_dates,20100210,1,,,20100210:-0.200,-119.73950127199998,40.164795850000075,266704.9999618613,4449647.000164732
2034,2034,1,"EPSG:4269:-119.739163901000,40.175964491000",AP091,Astor Pass,0.6,positive_2mDAB_insufficient_repeat_dates,20100210,1,,,20100210:-0.700,-119.73916390099998,40.17596449100006,266772.0000437747,4450886.000154015
2024,2024,1,"EPSG:4269:-119.739005316000,40.170563572000",AP081,Astor Pass,4.0,positive_2mDAB_insufficient_repeat_dates,20100210,1,,,20100210:2.750,-119.73900531599998,40.17056357200005,266766.99996350094,4450286.000060658
2025,2025,1,"EPSG:4269:-119.738594814000,40.169699534000",AP082,Astor Pass,3.7,positive_2mDAB_insufficient_repeat_dates,20100210,1,,,20100210:2.450,-119.73859481399995,40.169699534000074,266798.9999915113,4450189.000082684
2033,2033,1,"EPSG:4269:-119.738405391000,40.175207777000",AP090,Astor Pass,0.3,positive_2mDAB_insufficient_repeat_dates,20100210,1,,,20100210:-1.000,-119.73840539099996,40.175207777000026,266834.0000148441,4450800.000067247
2026,2026,1,"EPSG:4269:-119.738137762000,40.168845604000",AP083,Astor Pass,3.8,positive_2mDAB_insufficient_repeat_dates,20100210,1,,,20100210:2.550,-119.73813776199995,40.16884560400007,266835.0000360359,4450093.000123988
2100,2100,1,"EPSG:4269:-119.737987914000,40.161030380000",AP157,Astor Pass,0.1,positive_2mDAB_insufficient_repeat_dates,20100210,1,,,20100210:-1.200,-119.73798791399997,40.16103038000006,266820.9999776506,4449225.000068105
2032,2032,1,"EPSG:4269:-119.737668190000,40.174396508000",AP089,Astor Pass,1.1,positive_2mDAB_insufficient_repeat_dates,20100210,1,,,20100210:-0.200,-119.73766818999997,40.17439650800003,266893.9999853816,4450708.000112683
2101,2101,1,"EPSG:4269:-119.737617463000,40.167002310000",AP158,Astor Pass,0.8,positive_2mDAB_insufficient_repeat_dates,20100210,1,,,20100210:-0.500,-119.73761746299999,40.16700231000004,266873.00000750215,4449887.000063642
2102,2102,1,"EPSG:4269:-119.737114608000,40.166176483000",AP159,Astor Pass,0.7,positive_2mDAB_insufficient_repeat_dates,20100210,1,,,20100210:-0.600,-119.73711460799996,40.16617648300007,266913.00000073033,4449794.000158476
2031,2031,1,"EPSG:4269:-119.736932453000,40.173621230000",AP088,Astor Pass,1.8,positive_2mDAB_insufficient_repeat_dates,20100210,1,,,20100210:0.550,-119.73693245299995,40.17362123000004,266954.00004162895,4450620.000095496
2090,2090,1,"EPSG:4269:-119.736468799000,40.160039429000",AP147,Astor Pass,0.2,positive_2mDAB_insufficient_repeat_dates,20100210,1,,,20100210:-1.100,-119.73646879899997,40.16003942900005,266946.99999891606,4449111.000090005
2030,2030,1,"EPSG:4269:-119.736231567000,40.172836115000",AP087,Astor Pass,2.8,positive_2mDAB_insufficient_repeat_dates,20100210,1,,,20100210:1.550,-119.73623156699995,40.17283611500005,267010.9999647216,4450531.000074508
2108,2108,1,"EPSG:4269:-119.735957142000,40.169221472000",AP165,Astor Pass,4.0,positive_2mDAB_insufficient_repeat_dates,20100210,1,,,20100210:2.750,-119.73595714199996,40.16922147200006,267022.00002978486,4450129.00011814
2104,2104,1,"EPSG:4269:-119.735953916000,40.164465430000",AP161,Astor Pass,0.7,positive_2mDAB_insufficient_repeat_dates,20100210,1,,,20100210:-0.600,-119.73595391599997,40.164465430000064,267005.999964653,4449601.000106936
2029,2029,1,"EPSG:4269:-119.735855193000,40.171944237000",AP086,Astor Pass,3.0,positive_2mDAB_insufficient_repeat_dates,20100210,1,,,20100210:1.750,-119.73585519299996,40.17194423700005,267040.0000042473,4450431.000120409
2109,2109,1,"EPSG:4269:-119.735466020000,40.168395360000",AP166,Astor Pass,3.5,positive_2mDAB_insufficient_repeat_dates,20100210,1,,,20100210:2.250,-119.73546601999999,40.168395360000034,267060.9999731609,4450036.0001495555
2028,2028,1,"EPSG:4269:-119.735361881000,40.171064130000",AP085,Astor Pass,3.7,positive_2mDAB_insufficient_repeat_dates,20100210,1,,,20100210:2.450,-119.73536188099996,40.17106413000005,267078.9999799429,4450332.000146197
2027,2027,1,"EPSG:4269:-119.735033538000,40.170198136000",AP084,Astor Pass,3.9,positive_2mDAB_insufficient_repeat_dates,20100210,1,,,20100210:2.650,-119.73503353799998,40.17019813600007,267103.9999789197,4450235.000114331
2110,2110,1,"EPSG:4269:-119.734951448000,40.167569799000",AP167,Astor Pass,2.7,positive_2mDAB_insufficient_repeat_dates,20100210,1,,,20100210:1.450,-119.73495144799995,40.167569799000034,267102.00003342953,4449943.000065569
2111,2111,1,"EPSG:4269:-119.734493735000,40.166697854000",AP168,Astor Pass,1.1,positive_2mDAB_insufficient_repeat_dates,20100210,1,,,20100210:-0.200,-119.73449373499994,40.16669785400006,267137.9999895108,4449845.000131355
2112,2112,1,"EPSG:4269:-119.734032420000,40.165735913000",AP169,Astor Pass,1.4,positive_2mDAB_insufficient_repeat_dates,20100210,1,,,20100210:0.150,-119.73403241999995,40.16573591300005,267174.0000414611,4449737.0000799
2091,2091,1,"EPSG:4269:-119.733988374000,40.160836707000",AP148,Astor Pass,0.2,positive_2mDAB_insufficient_repeat_dates,20100210,1,,,20100210:-1.100,-119.73398837399998,40.160836707000044,267161.00001754076,4449193.000062564
2117,2117,1,"EPSG:4269:-119.733884964000,40.169666799000",AP174,Astor Pass,2.7,positive_2mDAB_insufficient_repeat_dates,20100210,1,,,20100210:1.450,-119.73388496399997,40.16966679900003,267200.0000209977,4450173.000112407
2113,2113,1,"EPSG:4269:-119.733564808000,40.164909237000",AP170,Astor Pass,1.0,positive_2mDAB_insufficient_repeat_dates,20100210,1,,,20100210:-0.300,-119.73356480799998,40.164909237000074,267211.00003042736,4449644.000166113
2114,2114,1,"EPSG:4269:-119.732759930000,40.164162587000",AP171,Astor Pass,0.4,positive_2mDAB_insufficient_repeat_dates,20100210,1,,,20100210:-0.900,-119.73275992999999,40.16416258700008,267276.99998819135,4449559.000154293
2115,2115,1,"EPSG:4269:-119.732210597000,40.163346842000",AP172,Astor Pass,1.1,positive_2mDAB_insufficient_repeat_dates,20100210,1,,,20100210:-0.200,-119.73221059699995,40.16334684200007,267321.0000285576,4449467.000122312
2119,2119,1,"EPSG:4269:-119.731996277000,40.168540399000",AP176,Astor Pass,2.6,positive_2mDAB_insufficient_repeat_dates,20100210,1,,,20100210:1.350,-119.73199627699995,40.16854039900005,267357.00003827055,4450043.000126687
2125,2125,1,"EPSG:4269:-119.731809084000,40.164167026000",AP182,Astor Pass,1.5,positive_2mDAB_insufficient_repeat_dates,20100210,1,,,20100210:0.250,-119.73180908399996,40.16416702600003,267358.0000200458,4449557.000163296
2116,2116,1,"EPSG:4269:-119.731625368000,40.162513926000",AP173,Astor Pass,0.1,positive_2mDAB_insufficient_repeat_dates,20100210,1,,,20100210:-1.200,-119.73162536799998,40.16251392600003,267367.9999611558,4449373.000085994
2120,2120,1,"EPSG:4269:-119.731399271000,40.167707761000",AP177,Astor Pass,2.6,positive_2mDAB_insufficient_repeat_dates,20100210,1,,,20100210:1.350,-119.73139927099999,40.16770776100003,267405.0000374542,4449949.000098137
2121,2121,1,"EPSG:4269:-119.730951709000,40.166502273000",AP178,Astor Pass,1.9,positive_2mDAB_insufficient_repeat_dates,20100210,1,,,20100210:0.650,-119.73095170899995,40.16650227300005,267438.9999637009,4449814.000155492
2122,2122,1,"EPSG:4269:-119.730472397000,40.165675859000",AP179,Astor Pass,2.0,positive_2mDAB_insufficient_repeat_dates,20100210,1,,,20100210:0.750,-119.73047239699997,40.16567585900003,267477.0000099973,4449721.000084015
2123,2123,1,"EPSG:4269:-119.730037132000,40.164776342000",AP180,Astor Pass,1.9,positive_2mDAB_insufficient_repeat_dates,20100210,1,,,20100210:0.650,-119.73003713199995,40.16477634200004,267510.9999898931,4449620.000122654
2124,2124,1,"EPSG:4269:-119.729389298000,40.163845806000",AP181,Astor Pass,1.3,positive_2mDAB_insufficient_repeat_dates,20100210,1,,,20100210:0.050,-119.72938929799994,40.16384580600004,267562.99998739175,4449515.000090274
2126,2126,1,"EPSG:4269:-119.729166263000,40.169706143000",AP183,Astor Pass,1.5,positive_2mDAB_insufficient_repeat_dates,20100210,1,,,20100210:0.250,-119.72916626299997,40.16970614300004,267602.0000119385,4450165.000133036
2093,2093,1,"EPSG:4269:-119.729018137000,40.162494382000",AP150,Astor Pass,0.6,positive_2mDAB_insufficient_repeat_dates,20100210,1,,,20100210:-0.700,-119.72901813699997,40.162494382000034,267590.00004545634,4449364.000152958
2127,2127,1,"EPSG:4269:-119.728475434000,40.168875703000",AP184,Astor Pass,0.7,positive_2mDAB_insufficient_repeat_dates,20100210,1,,,20100210:-0.600,-119.72847543399996,40.168875703000026,267657.9999800554,4450071.000112141
2145,2145,1,"EPSG:4269:-119.728152056000,40.160217813000",AP202,Astor Pass,1.4,positive_2mDAB_insufficient_repeat_dates,20100210,1,,,20100210:0.150,-119.72815205599994,40.16021781300003,267656.00003250386,4449109.000070662
2128,2128,1,"EPSG:4269:-119.728123007000,40.167992241000",AP185,Astor Pass,0.7,positive_2mDAB_insufficient_repeat_dates,20100210,1,,,20100210:-0.600,-119.72812300699997,40.167992241000036,267685.0000067083,4449972.000134943
2129,2129,1,"EPSG:4269:-119.727641915000,40.167120819000",AP186,Astor Pass,2.7,positive_2mDAB_insufficient_repeat_dates,20100210,1,,,20100210:1.450,-119.72764191499999,40.16712081900005,267723.0000359273,4449874.000162144
2130,2130,1,"EPSG:4269:-119.727114996000,40.166277498000",AP187,Astor Pass,2.3,positive_2mDAB_insufficient_repeat_dates,20100210,1,,,20100210:1.050,-119.72711499599995,40.166277498000056,267765.0000401909,4449779.0001447825
2131,2131,1,"EPSG:4269:-119.726539729000,40.165399282000",AP188,Astor Pass,2.5,positive_2mDAB_insufficient_repeat_dates,20100210,1,,,20100210:1.250,-119.72653972899997,40.16539928200007,267810.99999797624,4449680.000072998
2094,2094,1,"EPSG:4269:-119.726152290000,40.162760114000",AP151,Astor Pass,2.1,positive_2mDAB_insufficient_repeat_dates,20100210,1,,,20100210:0.850,-119.72615228999996,40.16276011400004,267834.9999887692,4449386.0000807
2135,2135,1,"EPSG:4269:-119.725929407000,40.170097725000",AP192,Astor Pass,0.6,positive_2mDAB_insufficient_repeat_dates,20100210,1,,,20100210:-0.700,-119.72592940699997,40.17009772500006,267878.99996396794,4450200.000082017
2132,2132,1,"EPSG:4269:-119.725919358000,40.164567166000",AP189,Astor Pass,2.2,positive_2mDAB_insufficient_repeat_dates,20100210,1,,,20100210:0.950,-119.72591935799994,40.16456716600004,267860.9999823101,4449586.000152678
2136,2136,1,"EPSG:4269:-119.725400322000,40.169200401000",AP193,Astor Pass,0.5,positive_2mDAB_insufficient_repeat_dates,20100210,1,,,20100210:-0.800,-119.72540032199998,40.16920040100007,267921.0000015538,4450099.0000976585
150,150,1,"EPSG:4269:-119.724901909000,40.181390691000",AP012,Astor Pass,1.3,positive_2mDAB_insufficient_repeat_dates,20070309,1,,,20070309:0.800,-119.72490190899998,40.18139069100005,268005.00004411465,4451451.000105418
2137,2137,1,"EPSG:4269:-119.724882983000,40.168302798000",AP194,Astor Pass,1.4,positive_2mDAB_insufficient_repeat_dates,20100210,1,,,20100210:0.150,-119.72488298299999,40.16830279800007,267961.9999708906,4449998.000147107
2134,2134,1,"EPSG:4269:-119.724720853000,40.170999951000",AP191,Astor Pass,0.5,positive_2mDAB_insufficient_repeat_dates,20100210,1,,,20100210:-0.800,-119.72472085299995,40.170999951000056,267984.9999712246,4450297.0000733035
2155,2155,1,"EPSG:4269:-119.724592440000,40.155464489000",AP212,Astor Pass,0.3,positive_2mDAB_insufficient_repeat_dates,20100210,1,,,20100210:-1.000,-119.72459243999998,40.15546448900005,267942.9999825336,4448572.000130867
2139,2139,1,"EPSG:4269:-119.724372556000,40.166990670000",AP196,Astor Pass,2.2,positive_2mDAB_insufficient_repeat_dates,20100210,1,,,20100210:0.950,-119.72437255599999,40.166990670000075,268001.00001513434,4449851.000169006
2138,2138,1,"EPSG:4269:-119.724309525000,40.167469568000",AP195,Astor Pass,0.2,positive_2mDAB_insufficient_repeat_dates,20100210,1,,,20100210:-1.100,-119.72430952499997,40.16746956800006,268008.0000001182,4449904.00013305
2140,2140,1,"EPSG:4269:-119.723647342000,40.166179025000",AP197,Astor Pass,1.3,positive_2mDAB_insufficient_repeat_dates,20100210,1,,,20100210:0.050,-119.72364734199999,40.166179025000076,268059.9999955416,4449759.00011642
2147,2147,1,"EPSG:4269:-119.723252727000,40.159540542000",AP204,Astor Pass,0.8,positive_2mDAB_insufficient_repeat_dates,20100210,1,,,20100210:-0.500,-119.72325272699999,40.15954054200006,268071.0000179163,4449021.000076466
2095,2095,1,"EPSG:4269:-119.723226037000,40.162396650000",AP152,Astor Pass,1.4,positive_2mDAB_insufficient_repeat_dates,20100210,1,,,20100210:0.150,-119.72322603699996,40.16239665000006,268083.0000317205,4449338.000073893
2141,2141,1,"EPSG:4269:-119.723013108000,40.165293172000",AP198,Astor Pass,0.6,positive_2mDAB_insufficient_repeat_dates,20100210,1,,,20100210:-0.700,-119.72301310799998,40.16529317200008,268111.00002418447,4449659.000124915
2142,2142,1,"EPSG:4269:-119.722438981000,40.164441932000",AP199,Astor Pass,2.3,positive_2mDAB_insufficient_repeat_dates,20100210,1,,,20100210:1.050,-119.72243898099998,40.164441932000045,268156.99999195366,4449563.000108724
2143,2143,1,"EPSG:4269:-119.721875519000,40.163563415000",AP200,Astor Pass,0.1,positive_2mDAB_insufficient_repeat_dates,20100210,1,,,20100210:-1.200,-119.72187551899998,40.163563415000056,268202.0000205528,4449464.000142288
2154,2154,1,"EPSG:4269:-119.721576238000,40.156661452000",AP211,Astor Pass,0.4,positive_2mDAB_insufficient_repeat_dates,20100210,1,,,20100210:-0.900,-119.72157623799995,40.15666145200004,268204.0000417852,4448697.000060578
151,151,1,"EPSG:4269:-119.721405788000,40.179130957000",AP013,Astor Pass,2.0,positive_2mDAB_insufficient_repeat_dates,20070309,1,,,20070309:1.500,-119.72140578799997,40.17913095700004,268295.0000397962,4451191.000159154
2148,2148,1,"EPSG:4269:-119.720656879000,40.160097041000",AP205,Astor Pass,1.8,positive_2mDAB_insufficient_repeat_dates,20100210,1,,,20100210:0.550,-119.72065687899999,40.16009704100003,268294.00003812346,4449076.000126859
152,152,1,"EPSG:4269:-119.720559720000,40.177061045000",AP014,Astor Pass,0.2,positive_2mDAB_insufficient_repeat_dates,20070309,1,,,20070309:-0.550,-119.72055971999998,40.17706104500007,268360.0000350311,4450959.000130038
2153,2153,1,"EPSG:4269:-119.718652682000,40.157829138000",AP210,Astor Pass,0.8,positive_2mDAB_insufficient_repeat_dates,20100210,1,,,20100210:-0.500,-119.71865268199997,40.15782913800007,268457.0000130094,4448819.000130788
2149,2149,1,"EPSG:4269:-119.718293411000,40.159711208000",AP206,Astor Pass,2.5,positive_2mDAB_insufficient_repeat_dates,20100210,1,,,20100210:1.250,-119.71829341099999,40.15971120800003,268493.9999831979,4449027.00012697
158,158,1,"EPSG:4269:-119.715711299000,40.169446249000",AP020,Astor Pass,0.4,positive_2mDAB_insufficient_repeat_dates,20070309,1,,,20070309:-0.350,-119.71571129899996,40.16944624900003,268747.00001411233,4450101.000076585
2150,2150,1,"EPSG:4269:-119.715661159000,40.159061400000",AP207,Astor Pass,1.8,positive_2mDAB_insufficient_repeat_dates,20100210,1,,,20100210:0.550,-119.71566115899998,40.15906140000004,268715.99999051966,4448948.000105246
154,154,1,"EPSG:4269:-119.712966090000,40.174221745000",AP016,Astor Pass,1.2,positive_2mDAB_insufficient_repeat_dates,20070309,1,,,20070309:0.700,-119.71296608999995,40.17422174500007,268996.99998617545,4450624.000103461
2151,2151,1,"EPSG:4269:-119.712701227000,40.160500025000",AP208,Astor Pass,1.5,positive_2mDAB_insufficient_repeat_dates,20100210,1,,,20100210:0.250,-119.71270122699997,40.16050002500003,268972.9999880327,4449100.0000875555
2358,2358,1,"EPSG:4269:-119.711744472000,40.257275009000",EP039,Emerson Pass,0.4,positive_2mDAB_insufficient_repeat_dates,20100414,1,,,20100414:0.500,-119.71174447199996,40.25727500900007,269383.0000425043,4459841.000058474
155,155,1,"EPSG:4269:-119.710224766000,40.172025031000",AP017,Astor Pass,2.3,positive_2mDAB_insufficient_repeat_dates,20070309,1,,,20070309:1.800,-119.71022476599995,40.17202503100003,269222.9999660201,4450373.000087443
2152,2152,1,"EPSG:4269:-119.709649034000,40.161688517000",AP209,Astor Pass,0.5,positive_2mDAB_insufficient_repeat_dates,20100210,1,,,20100210:-0.800,-119.709649034,40.16168851700007,269236.99998373946,4449224.0001515495
156,156,1,"EPSG:4269:-119.708326910000,40.170069736000",AP018,Astor Pass,0.6,positive_2mDAB_insufficient_repeat_dates,20070309,1,,,20070309:-0.050,-119.70832690999998,40.17006973600007,269378.0000028814,4450151.000153098
157,157,1,"EPSG:4269:-119.704717659000,40.165524139000",AP019,Astor Pass,0.9,positive_2mDAB_insufficient_repeat_dates,20070309,1,,,20070309:0.400,-119.70471765899998,40.16552413900007,269669.9999999941,4449637.000149318
2359,2359,1,"EPSG:4269:-119.700996004000,40.262237606000",EP040,Emerson Pass,0.7,positive_2mDAB_insufficient_repeat_dates,20100414,1,,,20100414:0.800,-119.70099600399999,40.26223760600004,270313.9999901256,4460364.00016743
2355,2355,1,"EPSG:4269:-119.693249751000,40.197958633000",EP036,Emerson Pass,0.5,positive_2mDAB_insufficient_repeat_dates,20100413,1,,,20100413:-0.800,-119.69324975099994,40.19795863300004,270756.0000191374,4453208.000118551
2320,2320,1,"EPSG:4269:-119.690308477000,40.179128646000",EP001,Emerson Pass,1.1,positive_2mDAB_insufficient_repeat_dates,20100412,1,,,20100412:0.900,-119.69030847699997,40.17912864600004,270943.00001835485,4451110.000157632
2341,2341,1,"EPSG:4269:-119.689308813000,40.193059985000",EP022,Emerson Pass,1.3,positive_2mDAB_insufficient_repeat_dates,20100413,1,,,20100413:0.100,-119.68930881299997,40.19305998500005,271074.9999864009,4452654.000163749
2322,2322,1,"EPSG:4269:-119.687572330000,40.194001123000",EP003,Emerson Pass,4.4,positive_2mDAB_insufficient_repeat_dates,20100412,1,,,20100412:4.200,-119.68757232999997,40.19400112300008,271226.00004408346,4452754.000144611
2354,2354,1,"EPSG:4269:-119.687416860000,40.200472352000",EP035,Emerson Pass,0.2,positive_2mDAB_insufficient_repeat_dates,20100413,1,,,20100413:-1.100,-119.68741685999998,40.20047235200008,271260.9999628498,4453472.000119024
2340,2340,1,"EPSG:4269:-119.684848301000,40.193433828000",EP021,Emerson Pass,2.9,positive_2mDAB_insufficient_repeat_dates,20100413,1,,,20100413:1.700,-119.68484830099999,40.193433828000025,271456.0000122838,4452684.000117936
2361,2361,1,"EPSG:4269:-119.682115157000,40.280152091000",EP042,Emerson Pass,1.3,positive_2mDAB_insufficient_repeat_dates,20100414,1,,,20100414:1.400,-119.68211515699994,40.28015209100005,271979.99998433946,4462304.00014236
2363,2363,1,"EPSG:4269:-119.675828067000,40.295782041000",EP044,Emerson Pass,0.6,positive_2mDAB_insufficient_repeat_dates,20100414,1,,,20100414:0.700,-119.67582806699994,40.29578204100005,272567.00002868264,4464023.000077646
2323,2323,1,"EPSG:4269:-119.671447515000,40.197662478000",EP004,Emerson Pass,0.8,positive_2mDAB_insufficient_repeat_dates,20100412,1,,,20100412:0.600,-119.67144751499995,40.19766247800004,272610.9999702042,4453119.0001132665
2325,2325,1,"EPSG:4269:-119.652882211000,40.199639072000",EP006,Emerson Pass,1.3,positive_2mDAB_insufficient_repeat_dates,20100412,1,,,20100412:1.100,-119.65288221099996,40.199639072000025,274197.9999830915,4453291.000118023
2441,2441,1,"EPSG:4269:-119.648467806000,40.330163991000",EP067,Emerson Pass,2.0,positive_2mDAB_insufficient_repeat_dates,20100526,0,,,,-119.64846780599999,40.33016399100006,275006.9999893288,4467770.0000889115
2345,2345,1,"EPSG:4269:-119.643748599000,40.322038964000",EP026,Emerson Pass,1.2,positive_2mDAB_insufficient_repeat_dates,20100413,1,,,20100413:-0.100,-119.64374859899999,40.32203896400006,275380.9999671946,4466856.000071263
3106,3106,1,"EPSG:4269:-119.643258597000,40.288063946000",EP089,Emerson Pass,1.0,positive_2mDAB_insufficient_repeat_dates,20130312,1,,,20130312:1.400,-119.64325859699994,40.28806394600008,275309.99999165465,4463083.000098134
2332,2332,1,"EPSG:4269:-119.640562996000,40.264750340000",EP013,Emerson Pass,0.2,positive_2mDAB_insufficient_repeat_dates,20100412,1,,,20100412:-0.600,-119.64056299599997,40.264750340000035,275461.99997347035,4460488.00012887
2339,2339,1,"EPSG:4269:-119.640345456000,40.303569808000",EP020,Emerson Pass,4.2,positive_2mDAB_insufficient_repeat_dates,20100412,1,,,20100412:4.000,-119.64034545599998,40.30356980800008,275608.99996730586,4464797.000132054
2336,2336,1,"EPSG:4269:-119.640297134000,40.306255221000",EP017,Emerson Pass,2.2,positive_2mDAB_insufficient_repeat_dates,20100412,1,,,20100412:2.000,-119.64029713399998,40.30625522100007,275621.99997974443,4465095.000155017
3107,3107,1,"EPSG:4269:-119.640260241000,40.291717544000",EP090,Emerson Pass,1.9,positive_2mDAB_insufficient_repeat_dates,20130312,1,,,20130312:2.300,-119.64026024099996,40.29171754400005,275577.0000069817,4463481.000083897
2330,2330,1,"EPSG:4269:-119.639487600000,40.244957705000",EP011,Emerson Pass,1.2,positive_2mDAB_insufficient_repeat_dates,20100412,1,,,20100412:1.000,-119.63948759999994,40.24495770500005,275488.00000580173,4458288.000062865
2379,2379,1,"EPSG:4269:-119.639220412000,40.305496131000",EP060,Emerson Pass,3.0,positive_2mDAB_insufficient_repeat_dates,20100416,1,,,20100416:3.300,-119.63922041199999,40.30549613100004,275710.999964749,4465008.000076794
2352,2352,1,"EPSG:4269:-119.638900010000,40.299080917000",EP033,Emerson Pass,4.8,positive_2mDAB_insufficient_repeat_dates,20100413,1,,,20100413:3.600,-119.63890000999999,40.299080917000026,275717.0000260734,4464295.000166356
2380,2380,1,"EPSG:4269:-119.638501367000,40.306368280000",EP061,Emerson Pass,1.3,positive_2mDAB_insufficient_repeat_dates,20100416,1,,,20100416:1.600,-119.63850136699995,40.30636828000007,275774.99997773697,4465103.00012118
2338,2338,1,"EPSG:4269:-119.638217555000,40.305122679000",EP019,Emerson Pass,2.6,positive_2mDAB_insufficient_repeat_dates,20100412,1,,,20100412:2.400,-119.63821755499998,40.30512267900008,275795.00000589696,4464964.000061262
2378,2378,1,"EPSG:4269:-119.637473953000,40.303248018000",EP059,Emerson Pass,0.4,positive_2mDAB_insufficient_repeat_dates,20100416,1,,,20100416:0.700,-119.63747395299998,40.30324801800003,275851.99999738554,4464754.000162148
2351,2351,1,"EPSG:4269:-119.637186199000,40.296759988000",EP032,Emerson Pass,2.5,positive_2mDAB_insufficient_repeat_dates,20100413,1,,,20100413:1.300,-119.63718619899998,40.296759988000076,275855.00000893185,4464033.000161032
3093,3093,1,"EPSG:4269:-119.636176087000,40.310411758000",EP076,Emerson Pass,3.4,positive_2mDAB_insufficient_repeat_dates,20130311,1,,,20130311:-2.250,-119.63617608699997,40.31041175800004,275985.9999929915,4465546.000151645
2347,2347,1,"EPSG:4269:-119.635803582000,40.312329893000",EP028,Emerson Pass,3.3,positive_2mDAB_insufficient_repeat_dates,20100413,1,,,20100413:2.100,-119.635803582,40.312329893000026,276023.9999892307,4465758.000070217
2337,2337,1,"EPSG:4269:-119.635779749000,40.308087787000",EP018,Emerson Pass,5.8,positive_2mDAB_insufficient_repeat_dates,20100412,1,,,20100412:5.600,-119.635779749,40.308087787000034,276012.00003664027,4465287.000060153
3108,3108,1,"EPSG:4269:-119.633662261000,40.300227233000",EP091,Emerson Pass,0.8,positive_2mDAB_insufficient_repeat_dates,20130312,1,,,20130312:1.100,-119.63366226099998,40.300227233000044,276165.9999646193,4464409.000122152
3109,3109,1,"EPSG:4269:-119.633597872000,40.301597879000",EP092,Emerson Pass,2.5,positive_2mDAB_insufficient_repeat_dates,20130312,1,,,20130312:2.800,-119.63359787199994,40.30159787900004,276176.000041688,4464561.000060307
3092,3092,1,"EPSG:4269:-119.633399728000,40.306187342000",EP075,Emerson Pass,4.8,positive_2mDAB_insufficient_repeat_dates,20130311,1,,,20130311:-0.950,-119.63339972799997,40.306187342000044,276207.9999624116,4465070.000117034
3091,3091,1,"EPSG:4269:-119.633387914000,40.305277828000",EP074,Emerson Pass,6.1,positive_2mDAB_insufficient_repeat_dates,20130311,1,,,20130311:1.150,-119.63338791399997,40.305277828000044,276206.0000065109,4464969.000149215
2374,2374,1,"EPSG:4269:-119.633347131000,40.304531113000",EP055,Emerson Pass,12.2,positive_2mDAB_insufficient_repeat_dates,20100416,1,,,20100416:12.500,-119.633347131,40.30453111300005,276207.0000237707,4464886.000140854
3089,3089,1,"EPSG:4269:-119.633346432000,40.304513113000",EP072,Emerson Pass,10.3,positive_2mDAB_insufficient_repeat_dates,20130311,1,,,20130311:5.250,-119.63334643199994,40.30451311300004,276206.9999845289,4464884.000095824
3090,3090,1,"EPSG:4269:-119.633239317000,40.303876002000",EP073,Emerson Pass,18.3,positive_2mDAB_insufficient_repeat_dates,20130311,1,,,20130311:13.350,-119.63323931699995,40.30387600200004,276213.9999900564,4464813.000107313
2348,2348,1,"EPSG:4269:-119.632859432000,40.308028222000",EP029,Emerson Pass,5.6,positive_2mDAB_insufficient_repeat_dates,20100413,1,,,20100413:4.400,-119.63285943199998,40.308028222000075,276260.0000417025,4465273.000127121
2349,2349,1,"EPSG:4269:-119.632761944000,40.302490671000",EP030,Emerson Pass,11.3,positive_2mDAB_insufficient_repeat_dates,20100413,1,,,20100413:10.100,-119.63276194399998,40.302490671000044,276249.99996649555,4464658.000110083
3088,3088,1,"EPSG:4269:-119.632288087000,40.301195335000",EP071,Emerson Pass,46.7,positive_2mDAB_insufficient_repeat_dates,20130311,1,,,20130311:41.750,-119.63228808699995,40.301195335000045,276285.99997271155,4464513.0000940105
2326,2326,1,"EPSG:4269:-119.632142965000,40.208913520000",EP007,Emerson Pass,1.3,positive_2mDAB_insufficient_repeat_dates,20100412,1,,,20100412:1.100,-119.63214296499996,40.20891352000007,275993.9999597311,4454268.000066104
3094,3094,1,"EPSG:4269:-119.632123366000,40.310585169000",EP077,Emerson Pass,1.5,positive_2mDAB_insufficient_repeat_dates,20130311,1,,,20130311:-4.250,-119.63212336599997,40.310585169000035,276331.0000246662,4465555.000132659
2382,2382,1,"EPSG:4269:-119.632033163000,40.310686308000",EP063,Emerson Pass,2.3,positive_2mDAB_insufficient_repeat_dates,20100416,1,,,20100416:2.600,-119.63203316299996,40.31068630800007,276338.9999762826,4465566.0001401575
3087,3087,1,"EPSG:4269:-119.631797064000,40.300972312000",EP070,Emerson Pass,44.2,positive_2mDAB_insufficient_repeat_dates,20130311,1,,,20130311:39.150,-119.63179706399995,40.300972312000056,276326.9999738557,4464487.000141974
3098,3098,1,"EPSG:4269:-119.631678884000,40.299443682000",EP081,Emerson Pass,0.7,positive_2mDAB_insufficient_repeat_dates,20130312,1,,,20130312:1.000,-119.63167888399994,40.29944368200006,276332.0000213128,4464317.000136991
3097,3097,1,"EPSG:4269:-119.631102025000,40.300645836000",EP080,Emerson Pass,5.2,positive_2mDAB_insufficient_repeat_dates,20130311,1,,,20130311:-0.200,-119.63110202499996,40.30064583600006,276385.000008593,4464449.0001073275
2350,2350,1,"EPSG:4269:-119.630684386000,40.297160326000",EP031,Emerson Pass,1.5,positive_2mDAB_insufficient_repeat_dates,20100413,1,,,20100413:0.300,-119.63068438599998,40.29716032600004,276408.9999962919,4464061.0001464505
2375,2375,1,"EPSG:4269:-119.630518493000,40.300767207000",EP056,Emerson Pass,4.0,positive_2mDAB_insufficient_repeat_dates,20100416,1,,,20100416:4.300,-119.63051849299995,40.300767207000035,276435.00002038036,4464461.00006581
2371,2371,1,"EPSG:4269:-119.614022140000,40.313220789000",EP052,Emerson Pass,1.6,positive_2mDAB_insufficient_repeat_dates,20100415,0,,,,-119.61402213999997,40.31322078900007,277877.9999845562,4465802.000062872
2370,2370,1,"EPSG:4269:-119.586178740000,40.241279786000",EP051,Emerson Pass,0.6,positive_2mDAB_insufficient_repeat_dates,20100415,0,,,,-119.58617873999998,40.241279786000064,280011.0000080516,4457746.000105412
3179,3179,1,"EPSG:4269:-119.537343183000,40.586934216000",GR16001,Gerlach,1.62,positive_2mDAB_insufficient_repeat_dates,20160720,1,,,20160720:1.100,-119.53734318299996,40.58693421600003,285267.9999861201,4495999.000111321
3180,3180,1,"EPSG:4269:-119.531411142000,40.590982719000",GR16002,Gerlach,0.72,positive_2mDAB_insufficient_repeat_dates,20160720,1,,,20160720:0.200,-119.53141114199997,40.59098271900007,285782.99997415266,4496434.000096348
3201,3201,1,"EPSG:4269:-119.456974019000,40.612677918000",GR16023,Gerlach,3.42,positive_2mDAB_insufficient_repeat_dates,20160720,1,,,20160720:2.900,-119.45697401899997,40.61267791800003,292149.999978994,4498664.000107866
3199,3199,1,"EPSG:4269:-119.455586173000,40.619319003000",GR16021,Gerlach,1.02,positive_2mDAB_insufficient_repeat_dates,20160720,1,,,20160720:0.500,-119.45558617299997,40.619319003000044,292287.999965058,4499398.000098783
3202,3202,1,"EPSG:4269:-119.455442197000,40.610548697000",GR16024,Gerlach,2.72,positive_2mDAB_insufficient_repeat_dates,20160720,1,,,20160720:2.200,-119.45544219699997,40.61054869700007,292272.9999978156,4498424.000130961
3200,3200,1,"EPSG:4269:-119.454670680000,40.613042188000",GR16022,Gerlach,2.72,positive_2mDAB_insufficient_repeat_dates,20160720,1,,,20160720:2.200,-119.45467067999999,40.613042188000065,292345.9999763523,4498699.00011374
295,295,1,"EPSG:4269:-119.371773157000,39.954978532000",WL021,Winemucca Lake,0.2,positive_2mDAB_insufficient_repeat_dates,20071107,1,,,20071107:0.350,-119.37177315699995,39.95497853200004,297402.9999754692,4425454.000071034
282,282,1,"EPSG:4269:-119.371743739000,39.942610445000",WL008,Winemucca Lake,0.5,positive_2mDAB_insufficient_repeat_dates,20071107,1,,,20071107:0.650,-119.37174373899995,39.94261044500007,297368.9999980915,4424081.0000929115
293,293,1,"EPSG:4269:-119.368408364000,39.949399023000",WL019,Winemucca Lake,1.0,positive_2mDAB_insufficient_repeat_dates,20071107,1,,,20071107:1.150,-119.36840836399995,39.94939902300007,297673.9999747535,4424827.000115393
292,292,1,"EPSG:4269:-119.367219487000,39.945810901000",WL018,Winemucca Lake,0.4,positive_2mDAB_insufficient_repeat_dates,20071107,1,,,20071107:0.550,-119.36721948699994,39.94581090100007,297765.0000375779,4424426.000106446
284,284,1,"EPSG:4269:-119.365614846000,39.934907314000",WL010,Winemucca Lake,0.2,positive_2mDAB_insufficient_repeat_dates,20071107,1,,,20071107:0.350,-119.36561484599997,39.93490731400004,297870.0000428112,4423212.000061443
291,291,1,"EPSG:4269:-119.364498389000,39.943605319000",WL017,Winemucca Lake,0.4,positive_2mDAB_insufficient_repeat_dates,20071107,1,,,20071107:0.550,-119.36449838899995,39.94360531900003,297990.99996635225,4424175.000071948
285,285,1,"EPSG:4269:-119.363392656000,39.930862779000",WL011,Winemucca Lake,0.7,positive_2mDAB_insufficient_repeat_dates,20071107,1,,,20071107:0.850,-119.36339265599997,39.93086277900005,298048.0000406101,4422758.000159338
290,290,1,"EPSG:4269:-119.362350931000,39.939018733000",WL016,Winemucca Lake,0.6,positive_2mDAB_insufficient_repeat_dates,20071107,1,,,20071107:0.750,-119.36235093099998,39.93901873300007,298161.0000376059,4423661.000083042
287,287,1,"EPSG:4269:-119.354335037000,39.929479661000",WL013,Winemucca Lake,1.0,positive_2mDAB_insufficient_repeat_dates,20071107,1,,,20071107:1.150,-119.35433503699994,39.92947966100007,298817.9999626074,4422584.00006427
2243,2243,1,"EPSG:4269:-119.174981448000,39.891976570000",C60,Fireball Craters,0.7,positive_2mDAB_insufficient_repeat_dates,20100309,1,,,20100309:1.000,-119.17498144799998,39.891976570000054,314043.99996038695,4418032.000104831
2262,2262,1,"EPSG:4269:-119.169830325000,39.933315320000",C79,Fireball Craters,0.3,positive_2mDAB_insufficient_repeat_dates,20100313,1,,,20100313:0.900,-119.16983032499996,39.93331532000008,314595.9999682419,4422610.000074399
2260,2260,1,"EPSG:4269:-119.162428325000,39.942039018000",C77,Fireball Craters,0.1,positive_2mDAB_insufficient_repeat_dates,20100313,1,,,20100313:0.700,-119.16242832499995,39.94203901800006,315251.9999683503,4423563.0001458125
2256,2256,1,"EPSG:4269:-119.162412191000,39.925544271000",C73,Fireball Craters,0.2,positive_2mDAB_insufficient_repeat_dates,20100313,1,,,20100313:0.800,-119.16241219099999,39.925544271000035,315208.9999909684,4421732.000095675
2202,2202,1,"EPSG:4269:-119.148240979000,39.921384492000",C19,Fireball Craters,0.3,positive_2mDAB_insufficient_repeat_dates,20100301,1,,,20100301:0.200,-119.14824097899998,39.92138449200007,316409.0000092207,4421241.000148344
2203,2203,1,"EPSG:4269:-119.142572463000,39.923831707000",C20,Fireball Craters,0.1,positive_2mDAB_insufficient_repeat_dates,20100301,1,,,20100301:-0.200,-119.14257246299996,39.92383170700003,316899.9999737761,4421501.000103989
2201,2201,1,"EPSG:4269:-119.142039769000,39.921382151000",C18,Fireball Craters,1.0,positive_2mDAB_insufficient_repeat_dates,20100301,1,,,20100301:0.900,-119.14203976899995,39.921382151000046,316938.99998571904,4421228.000133667
2200,2200,1,"EPSG:4269:-119.141131130000,39.921885416000",C17,Fireball Craters,1.8,positive_2mDAB_insufficient_repeat_dates,20100301,1,,,20100301:1.700,-119.14113112999996,39.921885416000066,317018.00002220686,4421282.000157863
2274,2274,1,"EPSG:4269:-119.140183788000,39.924902844000",C91,Fireball Craters,0.8,positive_2mDAB_insufficient_repeat_dates,20100314,1,,,20100314:0.300,-119.14018378799994,39.92490284400003,317106.99997175706,4421615.000161728
2271,2271,1,"EPSG:4269:-119.139406296000,39.926989222000",C88,Fireball Craters,0.4,positive_2mDAB_insufficient_repeat_dates,20100314,1,,,20100314:-0.200,-119.13940629599995,39.92698922200003,317178.999977126,4421845.00013832
2199,2199,1,"EPSG:4269:-119.138325259000,39.924964174000",C16,Fireball Craters,1.8,positive_2mDAB_insufficient_repeat_dates,20100301,1,,,20100301:1.700,-119.13832525899994,39.924964174000024,317265.9999707112,4421618.000073933
2272,2272,1,"EPSG:4269:-119.137725415000,39.922984294000",C89,Fireball Craters,0.1,positive_2mDAB_insufficient_repeat_dates,20100314,1,,,20100314:-0.500,-119.13772541499998,39.92298429400006,317312.0000131237,4421397.000086598
2270,2270,1,"EPSG:4269:-119.135613511000,39.926185318000",C87,Fireball Craters,0.5,positive_2mDAB_insufficient_repeat_dates,20100314,1,,,20100314:-0.100,-119.13561351099997,39.92618531800008,317500.99998181115,4421748.000084867
2269,2269,1,"EPSG:4269:-119.132559579000,39.928448708000",C86,Fireball Craters,0.6,positive_2mDAB_insufficient_repeat_dates,20100314,1,,,20100314:0.100,-119.13255957899997,39.928448708000076,317768.00002121466,4421993.00007222
2204,2204,1,"EPSG:4269:-119.132324071000,39.926516149000",C21,Fireball Craters,1.4,positive_2mDAB_insufficient_repeat_dates,20100301,1,,,20100301:1.300,-119.13232407099997,39.926516149000065,317782.9999953248,4421778.000154073
2275,2275,1,"EPSG:4269:-119.131778303000,39.928913522000",C92,Fireball Craters,1.7,positive_2mDAB_insufficient_repeat_dates,20100314,1,,,20100314:1.200,-119.13177830299998,39.92891352200007,317835.99999073014,4422043.00014794
2268,2268,1,"EPSG:4269:-119.130904467000,39.928280958000",C85,Fireball Craters,2.2,positive_2mDAB_insufficient_repeat_dates,20100314,1,,,20100314:1.700,-119.130904467,39.92828095800007,317908.99998122256,4421971.000162496
2267,2267,1,"EPSG:4269:-119.130213822000,39.927140527000",C84,Fireball Craters,0.1,positive_2mDAB_insufficient_repeat_dates,20100314,1,,,20100314:-0.500,-119.13021382199997,39.92714052700006,317964.99996907276,4421843.000162832
2167,2167,1,"EPSG:4269:-119.129826825000,39.944471553000",C09,Fireball Craters,0.4,positive_2mDAB_insufficient_repeat_dates,20100220,1,,,20100220:0.100,-119.12982682499995,39.94447155300003,318044.0000252661,4423766.000092944
2209,2209,1,"EPSG:4269:-119.128497675000,39.925379303000",C26,Fireball Craters,0.7,positive_2mDAB_insufficient_repeat_dates,20100312,1,,,20100312:1.550,-119.12849767499995,39.92537930300006,318107.00001601526,4421644.000066794
2206,2206,1,"EPSG:4269:-119.128248179000,39.930167562000",C23,Fireball Craters,1.2,positive_2mDAB_insufficient_repeat_dates,20100301,1,,,20100301:1.100,-119.12824817899997,39.930167562000065,318140.99996419414,4422175.000080356
2207,2207,1,"EPSG:4269:-119.127000703000,39.930316587000",C24,Fireball Craters,0.1,positive_2mDAB_insufficient_repeat_dates,20100301,1,,,20100301:-0.200,-119.12700070299996,39.93031658700005,318247.99996504537,4422189.000145664
2168,2168,1,"EPSG:4269:-119.126947978000,39.935038167000",C10,Fireball Craters,0.8,positive_2mDAB_insufficient_repeat_dates,20100220,1,,,20100220:0.500,-119.12694797799998,39.93503816700007,318265.0000413633,4422713.000102858
2277,2277,1,"EPSG:4269:-119.126894401000,39.932174351000",C94,Fireball Craters,0.8,positive_2mDAB_insufficient_repeat_dates,20100314,1,,,20100314:0.300,-119.12689440099996,39.93217435100007,318261.99999251263,4422395.000069193
2170,2170,1,"EPSG:4269:-119.126853922000,39.929355338000",C12,Fireball Craters,1.3,positive_2mDAB_insufficient_repeat_dates,20100220,1,,,20100220:1.000,-119.12685392199995,39.92935533800005,318257.99999609333,4422082.000103195
2166,2166,1,"EPSG:4269:-119.126104899000,39.939936405000",C08,Fireball Craters,0.5,positive_2mDAB_insufficient_repeat_dates,20100220,1,,,20100220:0.200,-119.12610489899998,39.939936405000026,318349.99999126315,4423255.000118607
2276,2276,1,"EPSG:4269:-119.123815714000,39.930627242000",C93,Fireball Craters,1.8,positive_2mDAB_insufficient_repeat_dates,20100314,1,,,20100314:1.300,-119.12381571399999,39.93062724200007,318520.999980286,4422217.000069924
2236,2236,1,"EPSG:4269:-119.121668226000,39.902387858000",C53,Fireball Craters,0.2,positive_2mDAB_insufficient_repeat_dates,20100309,1,,,20100309:0.500,-119.12166822599994,39.902387858000054,318629.9999751024,4419078.000160945
2214,2214,1,"EPSG:4269:-119.116488194000,39.932076575000",C31,Fireball Craters,0.8,positive_2mDAB_insufficient_repeat_dates,20100308,1,,,20100308:1.400,-119.11648819399994,39.93207657500005,319150.99998895446,4422363.00007153
2163,2163,1,"EPSG:4269:-119.115732881000,39.939846952000",C05,Fireball Craters,0.2,positive_2mDAB_insufficient_repeat_dates,20100220,1,,,20100220:-0.200,-119.11573288099999,39.93984695200004,319235.9999790662,4423224.00011609
2235,2235,1,"EPSG:4269:-119.115273298000,39.905919085000",C52,Fireball Craters,0.7,positive_2mDAB_insufficient_repeat_dates,20100309,1,,,20100309:1.000,-119.11527329799998,39.90591908500005,319185.9999829014,4419457.0000661565
2161,2161,1,"EPSG:4269:-119.114980102000,39.942004788000",C03,Fireball Craters,0.6,positive_2mDAB_insufficient_repeat_dates,20100220,1,,,20100220:0.300,-119.11498010199995,39.94200478800008,319306.00004368473,4423462.000120827
2162,2162,1,"EPSG:4269:-119.112619657000,39.944408149000",C04,Fireball Craters,1.4,positive_2mDAB_insufficient_repeat_dates,20100220,1,,,20100220:1.100,-119.11261965699998,39.944408149000026,319513.9999947129,4423724.000141822
2160,2160,1,"EPSG:4269:-119.110127071000,39.940994180000",C02,Fireball Craters,0.2,positive_2mDAB_insufficient_repeat_dates,20100220,1,,,20100220:-0.200,-119.11012707099997,39.940994180000075,319718.0000174708,4423340.000127599
2221,2221,1,"EPSG:4269:-119.107803817000,39.909145190000",C38,Fireball Craters,0.1,positive_2mDAB_insufficient_repeat_dates,20100307,1,,,20100307:-0.500,-119.10780381699999,39.90914519000006,319832.9999821448,4419800.00013344
2219,2219,1,"EPSG:4269:-119.106978782000,39.922682468000",C36,Fireball Craters,0.6,positive_2mDAB_insufficient_repeat_dates,20100309,1,,,20100309:0.900,-119.10697878199994,39.92268246800006,319938.99997016997,4421301.0001358725
2220,2220,1,"EPSG:4269:-119.106627057000,39.917697963000",C37,Fireball Craters,0.8,positive_2mDAB_insufficient_repeat_dates,20100309,1,,,20100309:1.100,-119.10662705699997,39.91769796300008,319956.00003861485,4420747.000066753
2233,2233,1,"EPSG:4269:-119.106151324000,39.897589829000",C50,Fireball Craters,0.4,positive_2mDAB_insufficient_repeat_dates,20100307,1,,,20100307:-0.200,-119.10615132399994,39.897589829000026,319944.0000198713,4418514.000149529
2216,2216,1,"EPSG:4269:-119.104790462000,39.934893159000",C33,Fireball Craters,1.9,positive_2mDAB_insufficient_repeat_dates,20100308,1,,,20100308:2.500,-119.10479046199998,39.93489315900007,320157.9999626606,4422652.000115697
2218,2218,1,"EPSG:4269:-119.104268893000,39.926272172000",C35,Fireball Craters,1.0,positive_2mDAB_insufficient_repeat_dates,20100309,1,,,20100309:1.300,-119.10426889299998,39.92627217200004,320179.99999264185,4421694.000134562
2159,2159,1,"EPSG:4269:-119.102844935000,39.937856343000",C01,Fireball Craters,0.3,positive_2mDAB_insufficient_repeat_dates,20100220,1,,,20100220:-0.100,-119.10284493499995,39.93785634300008,320332.0000079867,4422977.000075648
2222,2222,1,"EPSG:4269:-119.101325802000,39.911533040000",C39,Fireball Craters,0.4,positive_2mDAB_insufficient_repeat_dates,20100307,1,,,20100307:-0.200,-119.10132580199996,39.91153304000005,320393.0000014446,4420052.000073591
2217,2217,1,"EPSG:4269:-119.097964534000,39.930953942000",C34,Fireball Craters,0.3,positive_2mDAB_insufficient_repeat_dates,20100309,1,,,20100309:0.600,-119.09796453399997,39.93095394200003,320731.0000170151,4422201.000103717
2232,2232,1,"EPSG:4269:-119.097758497000,39.900057295000",C49,Fireball Craters,0.6,positive_2mDAB_insufficient_repeat_dates,20100307,1,,,20100307:0.200,-119.09775849699997,39.90005729500007,320668.00001013663,4418771.000143597
2224,2224,1,"EPSG:4269:-119.092207848000,39.920986114000",C41,Fireball Craters,1.5,positive_2mDAB_insufficient_repeat_dates,20100307,1,,,20100307:1.100,-119.09220784799999,39.92098611400007,321196.9999898356,4421083.000083011
2226,2226,1,"EPSG:4269:-119.086375630000,39.929667675000",C43,Fireball Craters,1.0,positive_2mDAB_insufficient_repeat_dates,20100308,1,,,20100308:1.600,-119.08637562999996,39.929667675000076,321717.9999787316,4422035.000133357
2225,2225,1,"EPSG:4269:-119.086153584000,39.923896997000",C42,Fireball Craters,1.2,positive_2mDAB_insufficient_repeat_dates,20100307,1,,,20100307:0.800,-119.08615358399999,39.92389699700004,321721.9999917551,4421394.000098779
2230,2230,1,"EPSG:4269:-119.084655217000,39.908446720000",C47,Fireball Craters,3.9,positive_2mDAB_insufficient_repeat_dates,20100307,1,,,20100307:3.500,-119.08465521699998,39.90844672000003,321810.00002054905,4419676.000081288
2229,2229,1,"EPSG:4269:-119.083341316000,39.915272044000",C46,Fireball Craters,2.2,positive_2mDAB_insufficient_repeat_dates,20100307,1,,,20100307:1.800,-119.08334131599997,39.91527204400006,321940.00003445556,4420431.000117817
2228,2228,1,"EPSG:4269:-119.080802513000,39.921452689000",C45,Fireball Craters,3.1,positive_2mDAB_insufficient_repeat_dates,20100307,1,,,20100307:2.700,-119.08080251299998,39.921452689000034,322173.0000160809,4421112.000164296
1056,1056,1,"EPSG:4269:-119.048431014000,40.159607699000",BW12,Blue Wing,0.2,positive_2mDAB_insufficient_repeat_dates,20090119,1,,,20090119:0.450,-119.04843101399996,40.15960769900005,325548.00000963407,4447484.000068062
1055,1055,1,"EPSG:4269:-119.048306454000,40.153511096000",BW11,Blue Wing,0.3,positive_2mDAB_insufficient_repeat_dates,20090119,1,,,20090119:0.550,-119.04830645399994,40.153511096000045,325543.00002057187,4446807.000081682
1057,1057,1,"EPSG:4269:-119.047995267000,40.165813307000",BW13,Blue Wing,0.1,positive_2mDAB_insufficient_repeat_dates,20090119,1,,,20090119:0.350,-119.04799526699998,40.165813307000064,325600.99998181674,4448172.000119399
1052,1052,1,"EPSG:4269:-119.047211791000,40.135044824000",BW08,Blue Wing,0.7,positive_2mDAB_insufficient_repeat_dates,20090119,1,,,20090119:0.950,-119.04721179099994,40.13504482400003,325589.0000403081,4444755.000148916
1060,1060,1,"EPSG:4269:-119.042276268000,40.184201739000",BW16,Blue Wing,0.5,positive_2mDAB_insufficient_repeat_dates,20090119,1,,,20090119:0.750,-119.04227626799997,40.18420173900006,326134.99996063125,4450202.000108691
1061,1061,1,"EPSG:4269:-119.040350623000,40.190100268000",BW17,Blue Wing,0.3,positive_2mDAB_insufficient_repeat_dates,20090119,1,,,20090119:0.550,-119.040350623,40.19010026800004,326314.00003469666,4450853.0000690445
238,238,1,"EPSG:4269:-119.038391505000,39.748872670000",DP025,Desert Peak,1.0,positive_2mDAB_insufficient_repeat_dates,20070706,1,,,20070706:0.100,-119.03839150499999,39.748872670000026,325361.0000033694,4401872.000094633
1063,1063,1,"EPSG:4269:-119.035499753000,40.201896793000",BW19,Blue Wing,0.4,positive_2mDAB_insufficient_repeat_dates,20090119,1,,,20090119:0.650,-119.03549975299995,40.20189679300006,326757.00001903536,4452153.000119798
1064,1064,1,"EPSG:4269:-119.031778667000,40.207511444000",BW20,Blue Wing,0.2,positive_2mDAB_insufficient_repeat_dates,20090119,1,,,20090119:0.450,-119.03177866699997,40.20751144400003,327088.0000386612,4452769.000162688
241,241,1,"EPSG:4269:-119.025374456000,39.740776151000",DP028,Desert Peak,0.7,positive_2mDAB_insufficient_repeat_dates,20070706,1,,,20070706:-0.300,-119.02537445599995,39.740776151000034,326456.0000085561,4400948.000146349
242,242,1,"EPSG:4269:-119.019255338000,39.740234134000",DP029,Desert Peak,0.9,positive_2mDAB_insufficient_repeat_dates,20070706,1,,,20070706:-0.100,-119.019255338,39.74023413400005,326979.00003489794,4400876.0001556
252,252,1,"EPSG:4269:-119.015698449000,39.771936132000",DP039,Desert Peak,1.1,positive_2mDAB_insufficient_repeat_dates,20070706,1,,,20070706:0.200,-119.01569844899996,39.771936132000064,327363.0000434939,4404388.000165453
1104,1104,1,"EPSG:4269:-119.014406996000,40.278675969000",BW60,Blue Wing,1.4,positive_2mDAB_insufficient_repeat_dates,20090121,1,,,20090121:1.400,-119.01440699599999,40.27867596900006,328745.99999269005,4460635.000138564
1102,1102,1,"EPSG:4269:-119.013655262000,40.290994582000",BW58,Blue Wing,0.4,positive_2mDAB_insufficient_repeat_dates,20090121,1,,,20090121:0.400,-119.01365526199999,40.29099458200005,328840.9999951138,4462001.00015626
251,251,1,"EPSG:4269:-119.012573793000,39.762864115000",DP038,Desert Peak,1.6,positive_2mDAB_insufficient_repeat_dates,20070706,1,,,20070706:0.700,-119.01257379299994,39.76286411500007,327607.9999634541,4403375.000111901
2538,2538,1,"EPSG:4269:-119.012247626000,39.764491419000",DP135,Desert Peak,0.1,positive_2mDAB_insufficient_repeat_dates,20101008,1,,,20101008:-0.100,-119.01224762599998,39.76449141900008,327639.99998276855,4403555.00008192
1068,1068,1,"EPSG:4269:-119.011301044000,40.226642979000",BW24,Blue Wing,0.4,positive_2mDAB_insufficient_repeat_dates,20090119,1,,,20090119:0.650,-119.01130104399999,40.226642979000076,328878.9999828377,4454853.000137935
1074,1074,1,"EPSG:4269:-119.010729978000,40.262948124000",BW30,Blue Wing,1.0,positive_2mDAB_insufficient_repeat_dates,20090119,1,,,20090119:1.250,-119.01072997799997,40.26294812400005,329018.999960041,4458882.000158439
1070,1070,1,"EPSG:4269:-119.009536421000,40.238510825000",BW26,Blue Wing,0.7,positive_2mDAB_insufficient_repeat_dates,20090119,1,,,20090119:0.950,-119.00953642099995,40.23851082500005,329058.9999893212,4456167.000119552
2531,2531,1,"EPSG:4269:-119.009331078000,39.746487602000",DP128,Desert Peak,9.8,positive_2mDAB_insufficient_repeat_dates,20101008,1,,,20101008:9.700,-119.00933107799995,39.74648760200006,327844.99998828815,4401551.00009141
1069,1069,1,"EPSG:4269:-119.008672397000,40.232345993000",BW25,Blue Wing,0.2,positive_2mDAB_insufficient_repeat_dates,20090119,1,,,20090119:0.450,-119.00867239699994,40.23234599300008,329117.00000914006,4455481.000071524
2532,2532,1,"EPSG:4269:-119.008435371000,39.755025785000",DP129,Desert Peak,0.5,positive_2mDAB_insufficient_repeat_dates,20101008,1,,,20101008:0.400,-119.00843537099996,39.75502578500004,327943.000022943,4402497.000094003
250,250,1,"EPSG:4269:-119.007140561000,39.751435514000",DP037,Desert Peak,8.2,positive_2mDAB_insufficient_repeat_dates,20070706,1,,,20070706:7.300,-119.00714056099997,39.751435514000036,328044.9999996283,4402096.000112098
3510,3510,1,"EPSG:4269:-119.006447934000,39.999978840000",GSV147,Granite Springs Valley,0.9,positive_2mDAB_insufficient_repeat_dates,20170310,1,,,20170310:1.000,-119.006447934,39.99997884000004,328724.00001756125,4429683.000093417
3509,3509,1,"EPSG:4269:-119.004943402000,40.009410103000",GSV146,Granite Springs Valley,0.4,positive_2mDAB_insufficient_repeat_dates,20170310,1,,,20170310:0.500,-119.00494340199998,40.00941010300005,328875.9999707289,4430727.000119724
2530,2530,1,"EPSG:4269:-119.002619315000,39.746450476000",DP127,Desert Peak,6.3,positive_2mDAB_insufficient_repeat_dates,20101008,1,,,20101008:6.200,-119.00261931499995,39.746450476000064,328419.9999763586,4401534.000064383
2535,2535,1,"EPSG:4269:-119.001945846000,39.767525535000",DP132,Desert Peak,0.3,positive_2mDAB_insufficient_repeat_dates,20101008,1,,,20101008:0.200,-119.00194584599996,39.76752553500006,328529.9999715617,4403872.000092289
2533,2533,1,"EPSG:4269:-119.001352515000,39.753085071000",DP130,Desert Peak,5.9,positive_2mDAB_insufficient_repeat_dates,20101008,1,,,20101008:5.800,-119.00135251499995,39.753085071000044,328545.00001720985,4402268.000152852
3512,3512,1,"EPSG:4269:-119.000437382000,39.987893811000",GSV151,Granite Springs Valley,0.6,positive_2mDAB_insufficient_repeat_dates,20170310,1,,,20170310:0.700,-119.00043738199997,39.98789381100005,329207.0000022696,4428330.000107504
1097,1097,1,"EPSG:4269:-118.999939791000,40.317762365000",BW53,Blue Wing,0.5,positive_2mDAB_insufficient_repeat_dates,20090121,1,,,20090121:0.500,-118.99993979099997,40.31776236500008,330073.9999766676,4464946.000084887
3501,3501;3502,2,"EPSG:4269:-118.999550006000,39.979152515000",GSV139,Granite Springs Valley,0.35,positive_2mDAB_insufficient_repeat_dates,20170310,1,,,20170310:0.450,-118.99955000599999,39.97915251500007,329260.99999450205,4427358.000068887
245,245,1,"EPSG:4269:-118.999530081000,39.741728881000",DP032,Desert Peak,1.1,positive_2mDAB_insufficient_repeat_dates,20070706,1,,,20070706:0.200,-118.99953008099999,39.74172888100003,328673.0000251181,4401004.000109918
1077,1077,1,"EPSG:4269:-118.999357960000,40.278486661000",BW33,Blue Wing,0.1,positive_2mDAB_insufficient_repeat_dates,20090120,1,,,20090120:0.100,-118.99935795999994,40.278486661000045,330024.9999912982,4460585.000067428
246,246,1,"EPSG:4269:-118.996810019000,39.744928937000",DP033,Desert Peak,2.8,positive_2mDAB_insufficient_repeat_dates,20070706,1,,,20070706:1.900,-118.99681001899995,39.744928937000054,328913.99998459837,4401354.000066779
3516,3516,1,"EPSG:4269:-118.995455208000,40.025942948000",GSV155,Granite Springs Valley,0.1,positive_2mDAB_insufficient_repeat_dates,20170310,1,,,20170310:0.200,-118.99545520799995,40.02594294800008,329726.99998387217,4432544.00007198
3511,3511,1,"EPSG:4269:-118.995366367000,39.992728922000",GSV149,Granite Springs Valley,0.3,positive_2mDAB_insufficient_repeat_dates,20170310,1,,,20170310:0.400,-118.99536636699997,39.992728922000026,329652.0000424475,4428857.000133918
2451,2451,1,"EPSG:4269:-118.994313833000,39.746188107000",DP047,Desert Peak,2.5,positive_2mDAB_insufficient_repeat_dates,20100914,1,,,20100914:2.400,-118.99431383299998,39.74618810700008,329131.0000400347,4401489.000128008
2534,2534,1,"EPSG:4269:-118.993820113000,39.758205834000",DP131,Desert Peak,1.6,positive_2mDAB_insufficient_repeat_dates,20101008,1,,,20101008:1.500,-118.99382011299997,39.75820583400008,329203.0000393905,4402822.000163014
247,247,1,"EPSG:4269:-118.993020381000,39.747877031000",DP034,Desert Peak,5.2,positive_2mDAB_insufficient_repeat_dates,20070706,1,,,20070706:4.300,-118.99302038099995,39.74787703100003,329245.9999909112,4401674.000148276
2471,2471,1,"EPSG:4269:-118.990375478000,39.749652194000",DP067,Desert Peak,3.9,positive_2mDAB_insufficient_repeat_dates,20100914,1,,,20100914:3.800,-118.99037547799998,39.74965219400008,329477.00003044505,4401866.00007914
3507,3507,1,"EPSG:4269:-118.990348208000,40.004247468000",GSV144,Granite Springs Valley,0.7,positive_2mDAB_insufficient_repeat_dates,20170310,1,,,20170310:0.800,-118.99034820799994,40.004247468000074,330109.000031478,4430126.000090835
1079,1079,1,"EPSG:4269:-118.990175738000,40.288239028000",BW35,Blue Wing,0.9,positive_2mDAB_insufficient_repeat_dates,20090120,1,,,20090120:0.900,-118.99017573799995,40.28823902800008,330830.0000105628,4461650.000132337
1094,1094,1,"EPSG:4269:-118.989484064000,40.333617339000",BW50,Blue Wing,0.4,positive_2mDAB_insufficient_repeat_dates,20090120,1,,,20090120:0.400,-118.98948406399995,40.33361733900006,331001.9999578219,4466686.000062307
248,248,1,"EPSG:4269:-118.988326930000,39.752281963000",DP035,Desert Peak,6.4,positive_2mDAB_insufficient_repeat_dates,20070706,1,,,20070706:5.500,-118.98832692999997,39.75228196300003,329658.9999639243,4402154.000133119
1093,1093,1,"EPSG:4269:-118.987615798000,40.338946402000",BW49,Blue Wing,1.1,positive_2mDAB_insufficient_repeat_dates,20090120,1,,,20090120:1.100,-118.98761579799998,40.33894640200003,331173.9999736286,4467274.000139201
2493,2493,1,"EPSG:4269:-118.986872719000,39.744324725000",DP089,Desert Peak,0.2,positive_2mDAB_insufficient_repeat_dates,20100916,1,,,20100916:-1.300,-118.98687271899996,39.74432472500007,329763.99999839236,4401268.000087906
3504,3504,1,"EPSG:4269:-118.986693888000,39.980427700000",GSV141,Granite Springs Valley,0.6,positive_2mDAB_insufficient_repeat_dates,20170310,1,,,20170310:0.700,-118.98669388799999,39.980427700000064,330361.99999741174,4427475.000109529
2472,2472,1,"EPSG:4269:-118.986301416000,39.752875224000",DP068,Desert Peak,1.9,positive_2mDAB_insufficient_repeat_dates,20100914,1,,,20100914:1.800,-118.98630141599995,39.752875224000036,329834.0000404796,4402216.000089321
1092,1092,1,"EPSG:4269:-118.984865868000,40.344731981000",BW48,Blue Wing,1.6,positive_2mDAB_insufficient_repeat_dates,20090120,1,,,20090120:1.600,-118.98486586799999,40.34473198100005,331422.0000220082,4467911.000131672
249,249,1,"EPSG:4269:-118.983538115000,39.755418041000",DP036,Desert Peak,11.6,positive_2mDAB_insufficient_repeat_dates,20070706,1,,,20070706:10.700,-118.98353811499999,39.75541804100004,330076.99998835754,4402493.000087546
2473,2473,1,"EPSG:4269:-118.982422455000,39.751518109000",DP069,Desert Peak,1.7,positive_2mDAB_insufficient_repeat_dates,20100914,1,,,20100914:1.600,-118.98242245499995,39.751518109000074,330162.9999657783,4402058.000123368
120,120,1,"EPSG:4269:-118.979707939000,39.743131839000",DP012,Desert Peak,0.5,positive_2mDAB_insufficient_repeat_dates,20061116,1,,,20061116:0.450,-118.97970793899998,39.74313183900006,330374.9999684021,4401122.000109914
1091,1091,1,"EPSG:4269:-118.978544578000,40.340336131000",BW47,Blue Wing,0.6,positive_2mDAB_insufficient_repeat_dates,20090120,1,,,20090120:0.600,-118.97854457799997,40.34033613100007,331948.0000328738,4467411.000149199
2494,2494,1,"EPSG:4269:-118.978321589000,39.743623962000",DP090,Desert Peak,0.5,positive_2mDAB_insufficient_repeat_dates,20100916,1,,,20100916:-1.000,-118.97832158899996,39.74362396200007,330495.00003886584,4401174.000132577
127,127,1,"EPSG:4269:-118.977162052000,39.736130037000",DP019,Desert Peak,1.0,positive_2mDAB_insufficient_repeat_dates,20061116,1,,,20061116:0.950,-118.97716205199998,39.736130037000066,330575.9999828268,4400340.000078808
131,131,1,"EPSG:4269:-118.977160507000,39.736076008000",DQ112,Desert Queen,0.3,positive_2mDAB_insufficient_repeat_dates,20061116,0,,,,-118.97716050699995,39.736076008000055,330576.00004013337,4400334.000080208
2488,2488,1,"EPSG:4269:-118.975552033000,39.740635041000",DP084,Desert Peak,4.2,persistent_repeat_residual,20100916;20110125;20110503;20110722;20111110,5,3.9999999999999982,1.0,20100916:3.150;20110125:3.500;20110503:4.000;20110722:4.400;20111110:4.050,-118.97555203299999,39.740635041000075,330724.9999861192,4400837.00016735
2487,2487,1,"EPSG:4269:-118.974490721000,39.739022435000",DP083,Desert Peak,4.2,persistent_repeat_residual,20100916;20110125;20110503;20110722;20111110,5,3.849999999999998,1.0,20100916:3.150;20110125:3.000;20110503:3.900;20110722:4.500;20111110:3.850,-118.97449072099994,39.73902243500004,330812.00000242586,4400656.000094201
2486,2486,1,"EPSG:4269:-118.974257443000,39.739026404000",DP082,Desert Peak,4.8,persistent_repeat_residual,20100916;20110125;20110503;20110722;20111110,5,3.4999999999999982,1.0,20100916:3.750;20110125:2.000;20110503:3.500;20110722:5.300;20111110:3.150,-118.97425744299994,39.73902640400007,330832.00004176795,4400656.000088944
2495,2495,1,"EPSG:4269:-118.973961220000,39.747455061000",DP091,Desert Peak,3.8,positive_2mDAB_insufficient_repeat_dates,20100916,1,,,20100916:2.750,-118.97396121999998,39.74745506100004,330878.0000212879,4401591.000155539
2484,2484,1,"EPSG:4269:-118.973403415000,39.740995932000",DP080,Desert Peak,4.9,persistent_repeat_residual,20100916;20110125;20110503;20110722;20111110,5,4.549999999999997,1.0,20100916:3.850;20110125:3.800;20110503:4.700;20110722:5.500;20111110:4.550,-118.97340341499995,39.74099593200003,330909.99998530827,4400873.000132179
2485,2485,1,"EPSG:4269:-118.972918752000,39.742824035000",DP081,Desert Peak,3.7,persistent_repeat_residual,20100916;20110125;20110503;20110722;20111110,5,4.0,1.0,20100916:2.650;20110125:4.600;20110503:4.000;20110722:4.000;20111110:4.250,-118.97291875199994,39.74282403500007,330955.9999783069,4401075.000083455
119,119,1,"EPSG:4269:-118.972019523000,39.744848376000",DP011,Desert Peak,1.7,positive_2mDAB_insufficient_repeat_dates,20061116,1,,,20061116:1.650,-118.97201952299997,39.74484837600005,331038.00003699074,4401298.000112857
128,128,1,"EPSG:4269:-118.971014810000,39.736622008000",DP020,Desert Peak,0.9,positive_2mDAB_insufficient_repeat_dates,20061116,1,,,20061116:0.850,-118.97101480999999,39.73662200800004,331104.00000347465,4400383.000142913
1083,1083,1,"EPSG:4269:-118.968315568000,40.303927500000",BW39,Blue Wing,0.5,positive_2mDAB_insufficient_repeat_dates,20090120,1,,,20090120:0.500,-118.96831556799998,40.30392750000004,332727.0000065535,4463350.000158166
1089,1089,1,"EPSG:4269:-118.967496166000,40.331227984000",BW45,Blue Wing,1.3,positive_2mDAB_insufficient_repeat_dates,20090120,1,,,20090120:1.300,-118.96749616599999,40.331227984000066,332863.9999960497,4466379.000127293
118,118,1,"EPSG:4269:-118.966989882000,39.745681509000",DP010,Desert Peak,5.8,positive_2mDAB_insufficient_repeat_dates,20061116,1,,,20061116:5.750,-118.96698988199995,39.745681509000065,331470.99998133036,4401381.0001402525
129,129,1,"EPSG:4269:-118.966498152000,39.738239214000",DP021,Desert Peak,1.2,positive_2mDAB_insufficient_repeat_dates,20061116,1,,,20061116:1.150,-118.96649815199999,39.73823921400003,331495.0000216883,4400554.000131867
2481,2481,1,"EPSG:4269:-118.965444207000,39.745500488000",DP077,Desert Peak,3.6,positive_2mDAB_insufficient_repeat_dates,20100916,1,,,20100916:2.550,-118.96544420699996,39.74550048800006,331603.00001392537,4401358.000166271
2482,2482,1,"EPSG:4269:-118.965356805000,39.739961294000",DP078,Desert Peak,1.8,positive_2mDAB_insufficient_repeat_dates,20100916,1,,,20100916:0.750,-118.96535680499994,39.73996129400007,331596.9999779312,4400743.000081918
2502,2502,1,"EPSG:4269:-118.964167748000,39.753152908000",DP098,Desert Peak,2.7,persistent_repeat_residual,20100916;20110210;20110524;20110802;20111110,5,2.1000000000000014,0.6,20100916:1.650;20110210:2.750;20110524:1.750;20110802:2.100;20111110:2.250,-118.96416774799997,39.75315290800006,331730.9999915592,4402205.000082428
2501,2501,1,"EPSG:4269:-118.963144879000,39.750836832000",DP097,Desert Peak,3.8,persistent_repeat_residual,20100916;20110210;20110524;20110802;20111110,5,3.450000000000003,1.0,20100916:2.750;20110210:4.350;20110524:3.450;20110802:3.500;20111110:3.050,-118.96314487899997,39.75083683200006,331812.9999725188,4401946.000115712
2489,2489,1,"EPSG:4269:-118.962837303000,39.736301143000",DP085,Desert Peak,6.2,positive_2mDAB_insufficient_repeat_dates,20100916,1,,,20100916:5.150,-118.96283730299996,39.73630114300005,331803.9999885281,4400332.000070253
117,117,1,"EPSG:4269:-118.962647613000,39.747710036000",DP009,Desert Peak,6.4,positive_2mDAB_insufficient_repeat_dates,20061116,1,,,20061116:6.350,-118.96264761299994,39.74771003600006,331847.99999189633,4401598.000141356
2529,2529,1,"EPSG:4269:-118.961789065000,39.749535407000",DP126,Desert Peak,2.2,persistent_repeat_residual,20100921;20110210;20110524;20110802;20111110,5,3.1999999999999993,0.8,20100921:3.200;20110210:4.250;20110524:2.050;20110802:1.700;20111110:3.250,-118.96178906499995,39.74953540700005,331925.9999705181,4401799.000061122
2521,2521,1,"EPSG:4269:-118.960792767000,39.743624178000",DP118,Desert Peak,2.4,positive_2mDAB_insufficient_repeat_dates,20100921,1,,,20100921:3.400,-118.96079276699999,39.74362417800006,331997.0000189983,4401141.000154195
2479,2479,1,"EPSG:4269:-118.959889371000,39.756630736000",DP075,Desert Peak,2.4,positive_2mDAB_insufficient_repeat_dates,20100916,1,,,20100916:1.350,-118.95988937099997,39.756630736000034,332105.9999994049,4402583.00016866
2478,2478,1,"EPSG:4269:-118.959094815000,39.757013531000",DP074,Desert Peak,2.8,positive_2mDAB_insufficient_repeat_dates,20100916,1,,,20100916:1.750,-118.95909481499996,39.75701353100004,332175.00004245876,4402624.0000588745
1085,1085,1,"EPSG:4269:-118.958379515000,40.313519022000",BW41,Blue Wing,1.0,positive_2mDAB_insufficient_repeat_dates,20090120,1,,,20090120:1.000,-118.95837951499999,40.31351902200004,333594.9999606033,4464396.00007427
2527,2527,1,"EPSG:4269:-118.956921555000,39.757761933000",DP124,Desert Peak,3.2,positive_2mDAB_insufficient_repeat_dates,20100921,1,,,20100921:4.200,-118.95692155499995,39.75776193300004,332362.99998634483,4402703.000093463
1105,1105,1,"EPSG:4269:-118.956467095000,40.327982910000",BW61,Blue Wing,0.3,positive_2mDAB_insufficient_repeat_dates,20090121,1,,,20090121:0.300,-118.956467095,40.32798291000006,333793.0000011835,4465998.000147536
116,116,1,"EPSG:4269:-118.956220782000,39.750323126000",DP008,Desert Peak,4.6,positive_2mDAB_insufficient_repeat_dates,20061116,1,,,20061116:4.550,-118.95622078199995,39.75032312600007,332404.99998754624,4401876.000103024
2522,2522,1,"EPSG:4269:-118.955552434000,39.743199082000",DP119,Desert Peak,0.3,positive_2mDAB_insufficient_repeat_dates,20100921,1,,,20100921:1.300,-118.95555243399997,39.74319908200005,332445.00000323687,4401084.000117945
2523,2523,1,"EPSG:4269:-118.955012151000,39.746379436000",DP120,Desert Peak,1.5,positive_2mDAB_insufficient_repeat_dates,20100921,1,,,20100921:2.500,-118.95501215099995,39.74637943600004,332499.0000171411,4401436.000147262
2492,2492,1,"EPSG:4269:-118.954661504000,39.751727815000",DP088,Desert Peak,2.7,positive_2mDAB_insufficient_repeat_dates,20100916,1,,,20100916:1.650,-118.95466150399994,39.75172781500004,332541.9999949674,4402029.0001505725
2541,2541,1,"EPSG:4269:-118.952935097000,39.762504881000",DP138,Desert Peak,1.1,positive_2mDAB_insufficient_repeat_dates,20101008,1,,,20101008:1.000,-118.95293509699997,39.76250488100004,332716.0000103328,4403222.000102661
2542,2542,1,"EPSG:4269:-118.952198249000,39.765760597000",DP139,Desert Peak,0.1,positive_2mDAB_insufficient_repeat_dates,20101008,1,,,20101008:-0.100,-118.95219824899999,39.76576059700005,332787.00000213424,4403582.000169029
2528,2528,1,"EPSG:4269:-118.951816863000,39.757217270000",DP125,Desert Peak,1.3,positive_2mDAB_insufficient_repeat_dates,20100921,1,,,20100921:2.300,-118.95181686299998,39.75721727000007,332798.99996117444,4402633.000125167
115,115,1,"EPSG:4269:-118.950450563000,39.752645541000",DP007,Desert Peak,2.3,positive_2mDAB_insufficient_repeat_dates,20061116,1,,,20061116:2.250,-118.95045056299995,39.75264554100005,332904.9999701617,4402123.000074408
2546,2546,1,"EPSG:4269:-118.949853340000,39.740159769000",DP143,Desert Peak,2.2,positive_2mDAB_insufficient_repeat_dates,20101008,1,,,20101008:2.100,-118.94985333999995,39.74015976900006,332925.99998759,4400736.000128502
1106,1106,1,"EPSG:4269:-118.949672812000,40.331160532000",BW62,Blue Wing,0.2,positive_2mDAB_insufficient_repeat_dates,20090121,1,,,20090121:0.200,-118.94967281199996,40.33116053200007,334378.00000193017,4466338.000087318
2547,2547,1,"EPSG:4269:-118.949131008000,39.743928758000",DP144,Desert Peak,2.6,positive_2mDAB_insufficient_repeat_dates,20101008,1,,,20101008:2.500,-118.949131008,39.74392875800004,332997.0000003653,4401153.000118364
1756,1756,1,"EPSG:4269:-118.946928608000,39.359043562000",FW044,Fallon,0.6,positive_2mDAB_insufficient_repeat_dates,20091002,1,,,20091002:0.500,-118.94692860799995,39.35904356200007,332260.99999912956,4358429.000083686
1119,1119,1,"EPSG:4269:-118.945305506000,40.316397181000",BW75,Blue Wing,0.2,positive_2mDAB_insufficient_repeat_dates,20090122,1,,,20090122:0.350,-118.94530550599995,40.31639718100007,334712.9999970075,4464691.000143751
1107,1107,1,"EPSG:4269:-118.944184021000,40.335549970000",BW63,Blue Wing,0.4,positive_2mDAB_insufficient_repeat_dates,20090121,1,,,20090121:0.400,-118.94418402099996,40.335549970000045,334855.0000258909,4466815.000143132
114,114,1,"EPSG:4269:-118.943342022000,39.755954081000",DP006,Desert Peak,1.9,positive_2mDAB_insufficient_repeat_dates,20061116,1,,,20061116:1.850,-118.94334202199997,39.75595408100003,333521.9999979439,4402477.000068487
1108,1108,1,"EPSG:4269:-118.939598968000,40.340689708000",BW64,Blue Wing,1.4,positive_2mDAB_insufficient_repeat_dates,20090121,1,,,20090121:1.400,-118.93959896799998,40.34068970800007,335257.00000509224,4467377.000113402
1109,1109,1,"EPSG:4269:-118.934954901000,40.345848269000",BW65,Blue Wing,0.4,positive_2mDAB_insufficient_repeat_dates,20090121,1,,,20090121:0.400,-118.93495490099997,40.345848269000044,335664.00003402255,4467941.0000873795
1762,1762,1,"EPSG:4269:-118.931650803000,39.314636572000",FW050,Fallon,0.9,positive_2mDAB_insufficient_repeat_dates,20091002,1,,,20091002:0.800,-118.93165080299997,39.31463657200004,333471.9999946634,4353472.000073341
3641,3641,1,"EPSG:4269:-118.929704848000,40.264868677000",GSV 8,Granite Springs Valley,1.0,positive_2mDAB_insufficient_repeat_dates,20210608,1,,,20210608:0.700,-118.92970484799997,40.26486867700004,335914.00003074843,4458942.000132566
3547,3547,1,"EPSG:4269:-118.928820182000,40.276774692000",GSVN03,Granite Springs Valley,0.7,positive_2mDAB_insufficient_repeat_dates,20170403,1,,,20170403:0.700,-118.92882018199998,40.27677469200006,336017.9999853831,4460262.000083814
3548,3548,1,"EPSG:4269:-118.926894656000,40.269852200000",GSVN04,Granite Springs Valley,0.2,positive_2mDAB_insufficient_repeat_dates,20170403,1,,,20170403:0.200,-118.92689465599994,40.26985220000006,336164.9999935805,4459490.0000592815
3669,3669,1,"EPSG:4269:-118.923561637000,40.269682461000",GSV36,Granite Springs Valley,0.7,positive_2mDAB_insufficient_repeat_dates,20210616,1,,,20210616:1.000,-118.92356163699998,40.26968246100006,336447.99997186003,4459465.000160741
1747,1747,1,"EPSG:4269:-118.923375113000,39.302141814000",FW035,Fallon,0.4,positive_2mDAB_insufficient_repeat_dates,20090930,1,,,20090930:0.200,-118.92337511299996,39.30214181400004,334155.99996437295,4352070.000121787
1742,1742,1,"EPSG:4269:-118.920259400000,39.290399323000",FW030,Fallon,1.3,positive_2mDAB_insufficient_repeat_dates,20090930,1,,,20090930:1.100,-118.92025939999996,39.29039932300003,334396.99998034653,4350761.000115277
1113,1113,1,"EPSG:4269:-118.919491598000,40.367690186000",BW69,Blue Wing,0.4,positive_2mDAB_insufficient_repeat_dates,20090121,1,,,20090121:0.400,-118.91949159799998,40.36769018600006,337029.999974594,4470337.000090214
3551,3551,1,"EPSG:4269:-118.919262117000,40.255709548000",GSVN07,Granite Springs Valley,1.8,positive_2mDAB_insufficient_repeat_dates,20170403,1,,,20170403:1.800,-118.91926211699996,40.25570954800003,336779.99997969135,4457906.00014461
3638,3638,1,"EPSG:4269:-118.919239884000,40.255754959000",GSV 5,Granite Springs Valley,1.2,positive_2mDAB_insufficient_repeat_dates,20210608,1,,,20210608:0.900,-118.91923988399998,40.25575495900006,336782.0000157794,4457911.000071362
1761,1761,1,"EPSG:4269:-118.919012259000,39.302898585000",FW049,Fallon,0.4,positive_2mDAB_insufficient_repeat_dates,20091002,1,,,20091002:0.300,-118.91901225899994,39.30289858500004,334533.99999652157,4352146.0001091445
3552,3552,1,"EPSG:4269:-118.918660035000,40.248548717000",GSVN08,Granite Springs Valley,0.1,positive_2mDAB_insufficient_repeat_dates,20170403,1,,,20170403:0.100,-118.91866003499996,40.24854871700006,336814.00002736045,4457110.000149503
3639,3639,1,"EPSG:4269:-118.918609249000,40.262981273000",GSV 6,Granite Springs Valley,0.7,positive_2mDAB_insufficient_repeat_dates,20210608,1,,,20210608:0.400,-118.91860924899999,40.26298127300004,336853.00003915234,4458712.000065163
3664,3664,1,"EPSG:4269:-118.918399424000,40.200167823000",GSV31,Granite Springs Valley,0.7,positive_2mDAB_insufficient_repeat_dates,20210611,1,,,20210611:1.300,-118.91839942399997,40.20016782300007,336720.0000227192,4451739.000084151
3635,3635,1,"EPSG:4269:-118.918396368000,40.248787312000",GSV 2,Granite Springs Valley,2.4,positive_2mDAB_insufficient_repeat_dates,20210608,1,,,20210608:2.100,-118.91839636799995,40.24878731200005,336837.00002752745,4457136.000104997
3637,3637,1,"EPSG:4269:-118.917627782000,40.253628647000",GSV 4,Granite Springs Valley,1.7,positive_2mDAB_insufficient_repeat_dates,20210608,1,,,20210608:1.400,-118.91762778199995,40.25362864700003,336913.9999908379,4457672.000104632
1720,1720,1,"EPSG:4269:-118.915987395000,39.391325750000",FW008,Fallon,1.7,positive_2mDAB_insufficient_repeat_dates,20090922,1,,,20090922:1.600,-118.91598739499995,39.39132575000008,335003.0000041307,4361955.000152656
109,109,1,"EPSG:4269:-118.915546620000,39.768470652000",DP001,Desert Peak,0.3,positive_2mDAB_insufficient_repeat_dates,20061116,1,,,20061116:0.150,-118.91554661999999,39.768470652000076,335933.000005817,4403815.000145319
3559,3559,1,"EPSG:4269:-118.913638976000,40.253523535000",GSVN15,Granite Springs Valley,0.9,positive_2mDAB_insufficient_repeat_dates,20170410,1,,,20170410:1.000,-118.91363897599996,40.253523535000056,337252.99996294046,4457653.000086619
3707,3707,1,"EPSG:4269:-118.913318691000,40.246745377000",GSV74,Granite Springs Valley,0.5,positive_2mDAB_insufficient_repeat_dates,20210716,0,,,,-118.91331869099997,40.246745377000025,337264.00003169634,4456900.0000919765
3706,3706,1,"EPSG:4269:-118.912446000000,40.220751988000",GSV73,Granite Springs Valley,1.7,positive_2mDAB_insufficient_repeat_dates,20210622,1,,,20210622:1.750,-118.91244599999999,40.220751988000075,337276.0000191282,4454013.000132083
3689,3689,1,"EPSG:4269:-118.911116633000,40.231989670000",GSV56,Granite Springs Valley,2.3,positive_2mDAB_insufficient_repeat_dates,20210621,1,,,20210621:1.300,-118.91111663299995,40.231989670000075,337416.000001919,4455258.000146546
3688,3688,1,"EPSG:4269:-118.910897183000,40.227110631000",GSV55,Granite Springs Valley,2.2,positive_2mDAB_insufficient_repeat_dates,20210621,1,,,20210621:1.200,-118.91089718299997,40.22711063100007,337422.9999673294,4454716.000114683
3703,3703,1,"EPSG:4269:-118.909888437000,40.276935690000",GSV70,Granite Springs Valley,0.8,positive_2mDAB_insufficient_repeat_dates,20210622,1,,,20210622:0.850,-118.90988843699995,40.27693569000007,337627.9999828985,4460245.000059208
3662,3662,1,"EPSG:4269:-118.909129931000,40.208122603000",GSV29,Granite Springs Valley,0.4,positive_2mDAB_insufficient_repeat_dates,20210611,1,,,20210611:1.000,-118.90912993099994,40.20812260300005,337528.00002959825,4452605.00006545
3654,3654,1,"EPSG:4269:-118.908931548000,40.216125540000",GSV21,Granite Springs Valley,1.9,positive_2mDAB_insufficient_repeat_dates,20210610,1,,,20210610:1.300,-118.90893154799994,40.216125540000064,337563.99998623005,4453493.000151453
3556,3556,1,"EPSG:4269:-118.908650956000,40.245056798000",GSVN12,Granite Springs Valley,1.1,positive_2mDAB_insufficient_repeat_dates,20170403,1,,,20170403:1.100,-118.90865095599997,40.245056798000064,337656.9999719158,4456704.000164451
1757,1757,1,"EPSG:4269:-118.908638663000,39.356425515000",FW045,Fallon,0.4,positive_2mDAB_insufficient_repeat_dates,20091002,1,,,20091002:0.300,-118.90863866299998,39.35642551500007,335554.00003230287,4358068.000086643
1116,1116,1,"EPSG:4269:-118.908548234000,40.384726083000",BW72,Blue Wing,0.3,positive_2mDAB_insufficient_repeat_dates,20090121,1,,,20090121:0.300,-118.90854823399997,40.38472608300003,337999.99998972565,4472208.000134215
3644,3644,1,"EPSG:4269:-118.908092238000,40.239814007000",GSV11,Granite Springs Valley,0.6,positive_2mDAB_insufficient_repeat_dates,20210609,1,,,20210609:1.000,-118.908092238,40.239814007000064,337692.00003658945,4456121.0001457045
3645,3645,1,"EPSG:4269:-118.907937397000,40.235555495000",GSV12,Granite Springs Valley,0.6,positive_2mDAB_insufficient_repeat_dates,20210609,1,,,20210609:1.000,-118.90793739699996,40.23555549500003,337695.00001313316,4455648.000141552
3646,3646,1,"EPSG:4269:-118.907779780000,40.228684530000",GSV13,Granite Springs Valley,2.1,positive_2mDAB_insufficient_repeat_dates,20210609,1,,,20210609:2.500,-118.90777977999994,40.228684530000066,337692.0000114417,4454885.000152465
3677,3677,1,"EPSG:4269:-118.907416703000,40.257202698000",GSV44,Granite Springs Valley,1.4,positive_2mDAB_insufficient_repeat_dates,20210616,1,,,20210616:1.700,-118.90741670299997,40.25720269800007,337791.00001302036,4458050.000087279
3693,3693,1,"EPSG:4269:-118.906763553000,40.252366854000",GSV60,Granite Springs Valley,0.4,positive_2mDAB_insufficient_repeat_dates,20210621,1,,,20210621:-0.600,-118.90676355299996,40.25236685400006,337834.99998800416,4457512.000146622
3716,3716,1,"EPSG:4269:-118.906720454000,40.179163463000",GSV83,Granite Springs Valley,0.4,positive_2mDAB_insufficient_repeat_dates,20210717,1,,,20210717:0.000,-118.90672045399998,40.179163463000066,337663.99998495396,4449386.000161786
1124,1124,1,"EPSG:4269:-118.905809054000,40.320955506000",BW80,Blue Wing,0.2,positive_2mDAB_insufficient_repeat_dates,20090122,1,,,20090122:0.350,-118.90580905399997,40.320955506000075,338080.0000137449,4465124.000153511
1721,1721,1,"EPSG:4269:-118.905438604000,39.375326483000",FW009,Fallon,1.2,positive_2mDAB_insufficient_repeat_dates,20090922,1,,,20090922:1.100,-118.90543860399998,39.37532648300004,335874.0000160851,4360160.000067001
3692,3692,1,"EPSG:4269:-118.905286039000,40.247058117000",GSV59,Granite Springs Valley,0.4,positive_2mDAB_insufficient_repeat_dates,20210621,1,,,20210621:-0.600,-118.90528603899998,40.24705811700005,337948.0000137221,4456920.000103408
3687,3687,1,"EPSG:4269:-118.905132398000,40.226485007000",GSV54,Granite Springs Valley,2.4,positive_2mDAB_insufficient_repeat_dates,20210621,1,,,20210621:1.400,-118.90513239799998,40.226485007000065,337911.9999687397,4454636.000101129
3691,3691,1,"EPSG:4269:-118.904633785000,40.242663658000",GSV58,Granite Springs Valley,1.0,positive_2mDAB_insufficient_repeat_dates,20210621,1,,,20210621:0.000,-118.90463378499999,40.242663658000026,337992.9999997974,4456431.000163712
1117,1117,1,"EPSG:4269:-118.904342175000,40.390146432000",BW73,Blue Wing,1.3,positive_2mDAB_insufficient_repeat_dates,20090121,1,,,20090121:1.300,-118.90434217499995,40.39014643200005,338370.00003688893,4472802.000109366
1758,1758,1,"EPSG:4269:-118.901586727000,39.338178950000",FW046,Fallon,0.3,positive_2mDAB_insufficient_repeat_dates,20091002,1,,,20091002:0.150,-118.901586727,39.33817895000004,336118.9999719182,4356030.000064995
1753,1753,1,"EPSG:4269:-118.901520067000,39.369957695000",FW041,Fallon,0.9,positive_2mDAB_insufficient_repeat_dates,20091002,1,,,20091002:0.800,-118.90152006699998,39.36995769500004,336199.00001436676,4359557.000100398
3686,3686,1,"EPSG:4269:-118.899964304000,40.227020419000",GSV53,Granite Springs Valley,3.4,persistent_repeat_residual,20210621;20210717,2,2.5,1.0,20210621:2.000;20210717:3.000,-118.89996430399998,40.22702041900004,338352.9999654062,4454686.000153621
3684,3684,1,"EPSG:4269:-118.898913424000,40.229370902000",GSV51,Granite Springs Valley,2.8,positive_2mDAB_insufficient_repeat_dates,20210617,0,,,,-118.89891342399994,40.22937090200003,338448.00003489526,4454945.000110277
3659,3659,1,"EPSG:4269:-118.897633045000,40.215924014000",GSV26,Granite Springs Valley,1.1,positive_2mDAB_insufficient_repeat_dates,20210610,1,,,20210610:0.500,-118.89763304499996,40.21592401400005,338525.00004172156,4453450.000108981
3699,3699,1,"EPSG:4269:-118.897476032000,40.231772758000",GSV66,Granite Springs Valley,1.7,positive_2mDAB_insufficient_repeat_dates,20210621,1,,,20210621:0.700,-118.89747603199999,40.231772758000034,338575.99998309545,4455209.000116022
1723,1723,1,"EPSG:4269:-118.897424817000,39.395333065000",FW011,Fallon,1.5,positive_2mDAB_insufficient_repeat_dates,20090922,1,,,20090922:1.400,-118.89742481699994,39.395333065000045,336611.00004292664,4362366.000072329
3560,3560,1,"EPSG:4269:-118.897137241000,40.256263677000",GSVN16,Granite Springs Valley,0.8,positive_2mDAB_insufficient_repeat_dates,20170410,1,,,20170410:0.900,-118.89713724099994,40.25626367700005,338663.0000378397,4457927.000072704
3685,3685,1,"EPSG:4269:-118.897005274000,40.222906987000",GSV52,Granite Springs Valley,1.2,positive_2mDAB_insufficient_repeat_dates,20210617,0,,,,-118.89700527399998,40.222906987000044,338595.0000360616,4454224.000060306
3678,3678,1,"EPSG:4269:-118.896009602000,40.252093173000",GSV45,Granite Springs Valley,0.7,positive_2mDAB_insufficient_repeat_dates,20210616,1,,,20210616:1.000,-118.89600960199999,40.25209317300005,338749.00003304705,4457462.000069404
1736,1736,1,"EPSG:4269:-118.895846480000,39.343444276000",FW024,Fallon,0.6,positive_2mDAB_insufficient_repeat_dates,20090929,1,,,20090929:0.550,-118.89584647999999,39.34344427600007,336625.99998411164,4356604.000124363
130,130,1,"EPSG:4269:-118.895845270000,39.774623234000",DQ111,Desert Queen,0.3,positive_2mDAB_insufficient_repeat_dates,20061116,0,,,,-118.89584526999994,39.774623234000046,337634.9999638117,4404462.000117679
3698,3698,1,"EPSG:4269:-118.895521488000,40.229543633000",GSV65,Granite Springs Valley,1.0,positive_2mDAB_insufficient_repeat_dates,20210621,1,,,20210621:0.000,-118.89552148799999,40.22954363300005,338736.9999696873,4454958.000081089
137,137,1,"EPSG:4269:-118.894850628000,39.719601742000",DQ118,Desert Queen,0.6,positive_2mDAB_insufficient_repeat_dates,20070306,1,,,20070306:1.000,-118.89485062799997,39.719601742000066,337591.00003694446,4398353.000167181
3708,3708,1,"EPSG:4269:-118.893323665000,40.256965764000",GSV75,Granite Springs Valley,0.8,positive_2mDAB_insufficient_repeat_dates,20210717,1,,,20210717:0.400,-118.89332366499997,40.25696576400003,338989.0000323986,4457998.000131959
1738,1738,1,"EPSG:4269:-118.892736699000,39.333980498000",FW026,Fallon,0.5,positive_2mDAB_insufficient_repeat_dates,20090929,1,,,20090929:0.400,-118.89273669899995,39.333980498000074,336872.0000271308,4355548.000098408
3697,3697,1,"EPSG:4269:-118.891220444000,40.226190740000",GSV64,Granite Springs Valley,1.0,positive_2mDAB_insufficient_repeat_dates,20210621,1,,,20210621:0.000,-118.89122044399994,40.22619074000005,339095.00001637684,4454578.000150558
1743,1743,1,"EPSG:4269:-118.890006747000,39.286011124000",FW031,Fallon,0.8,positive_2mDAB_insufficient_repeat_dates,20090930,1,,,20090930:0.600,-118.89000674699997,39.28601112400003,336995.99997993745,4350219.000151666
1126,1126,1,"EPSG:4269:-118.889172854000,40.322003210000",BW82,Blue Wing,0.6,positive_2mDAB_insufficient_repeat_dates,20090122,1,,,20090122:0.750,-118.88917285399998,40.32200321000005,339496.00001340604,4465210.000119651
44,44,1,"EPSG:4269:-118.889064293000,39.790085595000",DQ045,Desert Queen,1.7,positive_2mDAB_insufficient_repeat_dates,20061105,1,,,20061105:-0.900,-118.88906429299999,39.79008559500005,338252.000004724,4406166.000163463
3673,3673,1,"EPSG:4269:-118.888885018000,40.271127735000",GSV40,Granite Springs Valley,1.0,positive_2mDAB_insufficient_repeat_dates,20210616,1,,,20210616:1.300,-118.88888501799994,40.27112773500005,339400.0000279956,4459562.000131105
136,136,1,"EPSG:4269:-118.888648567000,39.735153819000",DQ114,Desert Queen,0.6,positive_2mDAB_insufficient_repeat_dates,20070306,1,,,20070306:1.000,-118.88864856699996,39.73515381900006,338158.9999868935,4400068.000080124
3568,3568,1,"EPSG:4269:-118.887599775000,40.319191221000",GSVN24,Granite Springs Valley,0.3,positive_2mDAB_insufficient_repeat_dates,20170410,1,,,20170410:0.400,-118.88759977499996,40.31919122100004,339623.0000380486,4464895.000096284
1713,1713,1,"EPSG:4269:-118.887505666000,39.390935508000",FW001,Fallon,2.2,positive_2mDAB_insufficient_repeat_dates,20090921,1,,,20090921:2.000,-118.88750566599998,39.39093550800004,337455.00001532375,4361860.000091531
3655,3655,1,"EPSG:4269:-118.887028829000,40.214061481000",GSV22,Granite Springs Valley,1.3,positive_2mDAB_insufficient_repeat_dates,20210610,1,,,20210610:0.700,-118.88702882899997,40.214061481000044,339422.9999648448,4453224.000087526
3562,3562,1,"EPSG:4269:-118.886933896000,40.272015393000",GSVN18,Granite Springs Valley,0.3,positive_2mDAB_insufficient_repeat_dates,20170410,1,,,20170410:0.400,-118.88693389599996,40.27201539300006,339568.00004070543,4459657.000148876
3567,3567,1,"EPSG:4269:-118.886927022000,40.309824345000",GSVN23,Granite Springs Valley,0.2,positive_2mDAB_insufficient_repeat_dates,20170410,1,,,20170410:0.300,-118.88692702199995,40.30982434500004,339658.0000241526,4463854.00012003
3710,3710,1,"EPSG:4269:-118.886350520000,40.265412617000",GSV77,Granite Springs Valley,0.8,positive_2mDAB_insufficient_repeat_dates,20210717,1,,,20210717:0.400,-118.88635051999995,40.26541261700004,339602.0000241173,4458923.000167253
3566,3566,1,"EPSG:4269:-118.886308562000,40.300708803000",GSVN22,Granite Springs Valley,0.1,positive_2mDAB_insufficient_repeat_dates,20170410,1,,,20170410:0.200,-118.88630856199995,40.30070880300008,339688.99996527797,4462841.000080376
4,4,1,"EPSG:4269:-118.886027576000,39.780666289000",DQ005,Desert Queen,0.1,positive_2mDAB_insufficient_repeat_dates,20061005,1,,,20061005:-0.350,-118.88602757599995,39.78066628900007,338490.0000032366,4405115.0000889385
3544,3544,1,"EPSG:4269:-118.885737990000,40.285268466000",GSVN00,Granite Springs Valley,0.2,positive_2mDAB_insufficient_repeat_dates,20170403,1,,,20170403:0.200,-118.88573798999994,40.28526846600005,339701.0000060877,4461126.000133859
27,27,1,"EPSG:4269:-118.885151848000,39.781094948000",DQ028,Desert Queen,0.7,positive_2mDAB_insufficient_repeat_dates,20061102,1,,,20061102:0.150,-118.88515184799996,39.78109494800003,338565.9999845824,4405161.000132555
32,32,1,"EPSG:4269:-118.884981877000,39.739339700000",DQ033,Desert Queen,0.6,positive_2mDAB_insufficient_repeat_dates,20061102,1,,,20061102:0.050,-118.88498187699997,39.73933970000007,338482.9999604596,4400526.000157915
3700,3700,1,"EPSG:4269:-118.884417937000,40.223310862000",GSV67,Granite Springs Valley,0.5,positive_2mDAB_insufficient_repeat_dates,20210622,1,,,20210622:0.550,-118.88441793699997,40.22331086200006,339666.9999760404,4454246.000076359
138,138,1,"EPSG:4269:-118.883646661000,39.719874214000",DQ119,Desert Queen,2.3,positive_2mDAB_insufficient_repeat_dates,20070306,1,,,20070306:2.700,-118.88364666099994,39.71987421400007,338551.9999713849,4398363.00008013
3571,3571,1,"EPSG:4269:-118.883202225000,40.248572806000",GSVN27,Granite Springs Valley,0.2,positive_2mDAB_insufficient_repeat_dates,20170410,1,,,20170410:0.300,-118.88320222499999,40.24857280600003,339830.0000066869,4457048.000067471
3709,3709,1,"EPSG:4269:-118.883057586000,40.257349533000",GSV76,Granite Springs Valley,0.1,positive_2mDAB_insufficient_repeat_dates,20210717,1,,,20210717:-0.300,-118.88305758599995,40.257349533000024,339862.99999917386,4458022.000119161
3696,3696,1,"EPSG:4269:-118.882083202000,40.231096287000",GSV63,Granite Springs Valley,0.3,positive_2mDAB_insufficient_repeat_dates,20210621,1,,,20210621:-0.700,-118.88208320199999,40.23109628700007,339883.9999600309,4455106.000157762
97,97,1,"EPSG:4269:-118.881925583000,39.787823180000",DQ098,Desert Queen,1.6,positive_2mDAB_insufficient_repeat_dates,20061107,1,,,20061107:1.100,-118.88192558299994,39.78782318000003,338858.00000741414,4405902.000099831
26,26,1,"EPSG:4269:-118.879538507000,39.783357254000",DQ027,Desert Queen,0.6,positive_2mDAB_insufficient_repeat_dates,20061102,1,,,20061102:0.050,-118.87953850699995,39.783357254000066,339051.99996382627,4405402.000110677
3656,3656,1,"EPSG:4269:-118.879021186000,40.215570116000",GSV23,Granite Springs Valley,0.4,positive_2mDAB_insufficient_repeat_dates,20210610,1,,,20210610:-0.400,-118.87902118599999,40.21557011600004,340107.9999850448,4453377.000131798
3711,3711,1,"EPSG:4269:-118.878925703000,40.279271526000",GSV78,Granite Springs Valley,1.0,positive_2mDAB_insufficient_repeat_dates,20210717,1,,,20210717:0.600,-118.878925703,40.27927152600006,340265.9999913301,4460448.00010628
1737,1737,1,"EPSG:4269:-118.878181681000,39.359317816000",FW025,Fallon,0.7,positive_2mDAB_insufficient_repeat_dates,20090929,1,,,20090929:0.650,-118.87818168099994,39.35931781600004,338184.9999915911,4358334.000135675
7,7,1,"EPSG:4269:-118.877199481000,39.791386329000",DQ008,Desert Queen,0.4,positive_2mDAB_insufficient_repeat_dates,20061005,1,,,20061005:0.100,-118.87719948099999,39.791386329000034,339270.9999895061,4406289.000146021
25,25,1,"EPSG:4269:-118.874594456000,39.785338200000",DQ026,Desert Queen,0.8,positive_2mDAB_insufficient_repeat_dates,20061102,1,,,20061102:0.250,-118.87459445599995,39.78533820000007,339480.00003155717,4405613.0001340015
42,42,1,"EPSG:4269:-118.874014056000,39.789338675000",DQ043,Desert Queen,0.3,positive_2mDAB_insufficient_repeat_dates,20061102,1,,,20061102:-0.300,-118.87401405599996,39.78933867500007,339539.00000115857,4406056.00006742
1715,1715,1,"EPSG:4269:-118.873144081000,39.387960188000",FW003,Fallon,0.2,positive_2mDAB_insufficient_repeat_dates,20090921,1,,,20090921:-0.100,-118.87314408099996,39.38796018800008,338685.0000037935,4361504.0001445515
1128,1128,1,"EPSG:4269:-118.872887047000,40.324249987000",BW84,Blue Wing,0.9,positive_2mDAB_insufficient_repeat_dates,20090122,1,,,20090122:1.050,-118.87288704699995,40.32424998700003,340884.9999648513,4465430.000074098
95,95,1,"EPSG:4269:-118.872707916000,39.781224409000",DQ096,Desert Queen,0.5,positive_2mDAB_insufficient_repeat_dates,20061107,1,,,20061107:-0.450,-118.87270791599997,39.78122440900006,339632.00004271104,4405153.000112828
3712,3712,1,"EPSG:4269:-118.871814859000,40.280314698000",GSV79,Granite Springs Valley,0.5,positive_2mDAB_insufficient_repeat_dates,20210717,1,,,20210717:0.100,-118.87181485899998,40.28031469800004,340873.0000032069,4460551.000135985
1730,1730,1,"EPSG:4269:-118.870358121000,39.282210962000",FW018,Fallon,1.1,positive_2mDAB_insufficient_repeat_dates,20090923,1,,,20090923:1.450,-118.87035812099998,39.28221096200008,338681.9999804231,4349762.000067876
1129,1129,1,"EPSG:4269:-118.865805520000,40.326958912000",BW85,Blue Wing,1.2,positive_2mDAB_insufficient_repeat_dates,20090122,1,,,20090122:1.350,-118.86580551999998,40.326958912000066,341493.0000107107,4465718.000121256
1136,1136,1,"EPSG:4269:-118.865757377000,40.366218643000",BW92,Blue Wing,0.4,positive_2mDAB_insufficient_repeat_dates,20090122,1,,,20090122:0.550,-118.86575737699997,40.366218643000025,341589.0000410102,4470076.0000740625
30,30,1,"EPSG:4269:-118.865248931000,39.776993092000",DQ031,Desert Queen,2.0,positive_2mDAB_insufficient_repeat_dates,20061102,1,,,20061102:1.450,-118.86524893099994,39.776993092000055,340261.0000003625,4404670.000077372
1135,1135,1,"EPSG:4269:-118.864952137000,40.360078859000",BW91,Blue Wing,0.5,positive_2mDAB_insufficient_repeat_dates,20090122,1,,,20090122:0.650,-118.86495213699999,40.360078859000055,341642.9999986023,4469393.000100017
29,29,1,"EPSG:4269:-118.864751929000,39.781073273000",DQ030,Desert Queen,3.5,positive_2mDAB_insufficient_repeat_dates,20061102,1,,,20061102:2.950,-118.86475192899997,39.78107327300006,340312.99998768675,4405122.000150703
28,28,1,"EPSG:4269:-118.864198460000,39.785226430000",DQ029,Desert Queen,1.8,positive_2mDAB_insufficient_repeat_dates,20061102,1,,,20061102:1.250,-118.86419845999995,39.78522643000008,340370.0000064269,4405582.000090601
1134,1134,1,"EPSG:4269:-118.863293432000,40.353727608000",BW90,Blue Wing,0.8,positive_2mDAB_insufficient_repeat_dates,20090122,1,,,20090122:0.950,-118.86329343199998,40.35372760800004,341768.9999755128,4468685.000129849
51,51,1,"EPSG:4269:-118.861856629000,39.780660300000",DQ052,Desert Queen,5.7,positive_2mDAB_insufficient_repeat_dates,20061105,1,,,20061105:3.700,-118.86185662899999,39.78066030000008,340559.9999744671,4405071.000086864
1718,1718,1,"EPSG:4269:-118.861384731000,39.401159131000",FW006,Fallon,0.3,positive_2mDAB_insufficient_repeat_dates,20090921,1,,,20090921:0.100,-118.86138473099999,39.40115913100004,339728.00002529484,4362948.000116498
1131,1131,1,"EPSG:4269:-118.861119110000,40.335889791000",BW87,Blue Wing,0.6,positive_2mDAB_insufficient_repeat_dates,20090122,1,,,20090122:0.750,-118.86111910999995,40.33588979100006,341911.9999850992,4466701.000092906
3,3,1,"EPSG:4269:-118.860686193000,39.786625196000",DQ004,Desert Queen,5.0,positive_2mDAB_insufficient_repeat_dates,20061005,1,,,20061005:4.750,-118.86068619299999,39.786625196000045,340673.9999803737,4405731.000151717
52,52,1,"EPSG:4269:-118.860496271000,39.782610108000",DQ053,Desert Queen,5.6,positive_2mDAB_insufficient_repeat_dates,20061105,1,,,20061105:3.700,-118.86049627099999,39.78261010800003,340680.99998018576,4405285.000132251
50,50,1,"EPSG:4269:-118.860141357000,39.784606848000",DQ051,Desert Queen,7.7,positive_2mDAB_insufficient_repeat_dates,20061105,1,,,20061105:5.700,-118.86014135699997,39.78460684800007,340716.0000161466,4405506.000154386
3658,3658,1,"EPSG:4269:-118.860059737000,40.215317935000",GSV25,Granite Springs Valley,0.8,positive_2mDAB_insufficient_repeat_dates,20210610,1,,,20210610:0.200,-118.86005973699997,40.21531793500003,341720.99999292684,4453315.000064526
22,22,1,"EPSG:4269:-118.858836872000,39.791673001000",DQ023,Desert Queen,1.0,positive_2mDAB_insufficient_repeat_dates,20061102,1,,,20061102:0.450,-118.85883687199998,39.79167300100005,340843.99998317694,4406288.000066202
3683,3683,1,"EPSG:4269:-118.858122215000,40.233429439000",GSV50,Granite Springs Valley,0.1,positive_2mDAB_insufficient_repeat_dates,20210616,1,,,20210616:0.400,-118.85812221499998,40.233429439000076,341928.00000556756,4455322.000113355
33,33,1,"EPSG:4269:-118.857932279000,39.788002704000",DQ034,Desert Queen,5.0,positive_2mDAB_insufficient_repeat_dates,20061102,1,,,20061102:4.450,-118.85793227899995,39.788002704000064,340913.00001104246,4405879.000162969
1751,1751,1,"EPSG:4269:-118.857336459000,39.313711021000",FW039,Fallon,0.4,positive_2mDAB_insufficient_repeat_dates,20091001,1,,,20091001:0.300,-118.85733645899995,39.313711021000074,339877.0000213875,4353235.000123298
12,12,1,"EPSG:4269:-118.856980682000,39.792567618000",DQ013,Desert Queen,0.5,positive_2mDAB_insufficient_repeat_dates,20061005,1,,,20061005:0.250,-118.85698068199997,39.79256761800008,341005.00001804956,4406384.000138264
490,490;1194,2,"EPSG:4269:-118.855637402000,39.785606930000",DQ122;DQ129,Desert Queen,6.4,persistent_repeat_residual,20080229;20080517;20080729;20080918;20081210;20090204;20090220;20090318;20090402;20090701,10,5.549999999999999,0.9,20080229:5.400;20080517:5.500;20080729:0.700;20080918:6.600;20081210:6.300;20090204:4.900;20090220:5.800;20090318:4.900;20090402:5.600;20090701:7.200,-118.85563740199996,39.78560693000003,341104.0000181942,4405609.000059564
2,2,1,"EPSG:4269:-118.854757966000,39.786341735000",DQ003,Desert Queen,4.5,positive_2mDAB_insufficient_repeat_dates,20061005,1,,,20061005:4.250,-118.85475796599997,39.786341735000065,341181.00003838807,4405689.000059486
21,21,1,"EPSG:4269:-118.854041433000,39.793578621000",DQ022,Desert Queen,0.9,positive_2mDAB_insufficient_repeat_dates,20061102,1,,,20061102:0.350,-118.85404143299996,39.79357862100005,341258.99998795235,4406491.000109218
1726,1726,1,"EPSG:4269:-118.852939269000,39.372967084000",FW014,Fallon,0.9,positive_2mDAB_insufficient_repeat_dates,20090922,1,,,20090922:0.800,-118.85293926899999,39.37296708400004,340391.0000212255,4359804.000107176
94,94,1,"EPSG:4269:-118.852846053000,39.790813857000",DQ095,Desert Queen,7.1,positive_2mDAB_insufficient_repeat_dates,20061107,1,,,20061107:6.600,-118.85284605299995,39.790813857000046,341355.00002005196,4406182.000160776
34,34,1,"EPSG:4269:-118.852711938000,39.785815853000",DQ035,Desert Queen,3.8,positive_2mDAB_insufficient_repeat_dates,20061102,1,,,20061102:3.250,-118.85271193799997,39.78581585300003,341355.00000171666,4405627.000079046
91,91,1,"EPSG:4269:-118.851538324000,39.801708913000",DQ092,Desert Queen,1.7,positive_2mDAB_insufficient_repeat_dates,20061107,1,,,20061107:1.200,-118.85153832399999,39.80170891300003,341492.0000188895,4407389.0001039505
68,68,1,"EPSG:4269:-118.851335326000,39.814604381000",DQ069,Desert Queen,0.1,positive_2mDAB_insufficient_repeat_dates,20061105,1,,,20061105:-2.500,-118.85133532599997,39.81460438100004,341539.00001838314,4408820.000058792
1752,1752,1,"EPSG:4269:-118.850336742000,39.329337612000",FW040,Fallon,0.2,positive_2mDAB_insufficient_repeat_dates,20091001,1,,,20091001:0.000,-118.85033674199997,39.329337612000074,340515.9999944265,4354957.00012324
35,35,1,"EPSG:4269:-118.849573830000,39.784190200000",DQ036,Desert Queen,1.8,positive_2mDAB_insufficient_repeat_dates,20061102,1,,,20061102:1.250,-118.84957382999994,39.78419020000007,341619.9999868424,4405441.000110611
491,491;1162,2,"EPSG:4269:-118.849532087000,39.796146168000",DQ123;DQ126,Desert Queen,8.5,persistent_repeat_residual,20080229;20080517;20080729;20080918;20081210;20090204;20090220;20090318;20090402;20090701,10,7.449999999999998,1.0,20080229:7.400;20080517:7.500;20080729:2.700;20080918:7.800;20081210:7.400;20090204:6.800;20090220:7.550;20090318:6.300;20090402:7.500;20090701:10.500,-118.84953208699994,39.796146168000064,341650.99997972115,4406768.000100643
1,1,1,"EPSG:4269:-118.849461317000,39.796120269000",DQ002,Desert Queen,6.3,persistent_repeat_residual,20061005;20080131;20080331;20080517;20080729;20081027;20081210,4,7.449999999999998,1.0,20061005:6.050;20080517:7.500;20080729:7.600;20081210:7.400,-118.84946131699996,39.79612026900003,341656.9999741367,4406765.000155666
10,10,1,"EPSG:4269:-118.849233368000,39.794150874000",DQ011,Desert Queen,7.9,positive_2mDAB_insufficient_repeat_dates,20061005,1,,,20061005:7.650,-118.84923336799994,39.794150874000024,341671.99997958913,4406546.000152616
66,66,1,"EPSG:4269:-118.848769663000,39.809104620000",DQ067,Desert Queen,4.2,positive_2mDAB_insufficient_repeat_dates,20061105,1,,,20061105:2.200,-118.84876966299998,39.80910462000003,341745.9999856289,4408205.000149513
1744,1744,1,"EPSG:4269:-118.847740201000,39.336028185000",FW032,Fallon,1.5,positive_2mDAB_insufficient_repeat_dates,20090930,1,,,20090930:1.300,-118.84774020099997,39.33602818500003,340754.9999687888,4355695.00010226
55,55,1,"EPSG:4269:-118.847406484000,39.787855472000",DQ056,Desert Queen,4.0,positive_2mDAB_insufficient_repeat_dates,20061105,1,,,20061105:2.000,-118.84740648399998,39.78785547200005,341813.99998109473,4405844.000099454
65,65,1,"EPSG:4269:-118.846436710000,39.807484077000",DQ066,Desert Queen,11.9,positive_2mDAB_insufficient_repeat_dates,20061105,1,,,20061105:10.000,-118.84643670999998,39.807484077000026,341942.00002220704,4408021.000074659
69,69,1,"EPSG:4269:-118.845514529000,39.815805276000",DQ070,Desert Queen,4.7,positive_2mDAB_insufficient_repeat_dates,20061105,1,,,20061105:2.800,-118.84551452899996,39.81580527600005,342039.9999838505,4408943.000065291
90,90,1,"EPSG:4269:-118.844899515000,39.801544409000",DQ091,Desert Queen,9.6,positive_2mDAB_insufficient_repeat_dates,20061107,1,,,20061107:9.100,-118.84489951499995,39.80154440900003,342060.0000099002,4407359.000113726
89,89,1,"EPSG:4269:-118.844558631000,39.812387960000",DQ090,Desert Queen,20.6,positive_2mDAB_insufficient_repeat_dates,20061107,1,,,20061107:20.100,-118.84455863099998,39.81238796000008,342114.0000024807,4408562.000087582
11,11,1,"EPSG:4269:-118.844155587000,39.797745320000",DQ012,Desert Queen,9.5,positive_2mDAB_insufficient_repeat_dates,20061005,1,,,20061005:9.250,-118.84415558699999,39.79774532000005,342115.0000038911,4406936.000126095
64,64,1,"EPSG:4269:-118.844098689000,39.806106817000",DQ065,Desert Queen,11.1,positive_2mDAB_insufficient_repeat_dates,20061105,1,,,20061105:9.100,-118.84409868899996,39.80610681700006,342138.99999557156,4407864.000079575
1717,1717,1,"EPSG:4269:-118.843814193000,39.396753898000",FW005,Fallon,0.5,positive_2mDAB_insufficient_repeat_dates,20090921,1,,,20090921:0.300,-118.84381419299996,39.39675389800004,341231.0000335447,4362428.000067613
93,93,1,"EPSG:4269:-118.843663027000,39.794608915000",DQ094,Desert Queen,5.1,positive_2mDAB_insufficient_repeat_dates,20061107,1,,,20061107:4.600,-118.84366302699999,39.794608915000026,342150.0000252224,4406587.000156803
13,13,1,"EPSG:4269:-118.843624325000,39.797969987000",DQ014,Desert Queen,9.2,positive_2mDAB_insufficient_repeat_dates,20061102,1,,,20061102:8.650,-118.84362432499995,39.797969987000045,342160.99997222214,4406960.000156545
492,492;1163,2,"EPSG:4269:-118.843473859000,39.812450252000",DQ124;DQ127,Desert Queen,18.549999999999997,persistent_repeat_residual,20080229;20080517;20080729;20080918;20081210;20090204;20090220;20090318;20090402;20090509;20090701,11,18.199999999999996,1.0,20080229:17.600;20080517:18.100;20080729:13.300;20080918:20.200;20081210:19.700;20090204:17.900;20090220:18.650;20090318:17.900;20090402:18.200;20090509:19.600;20090701:19.800,-118.84347385899997,39.812450252000076,342206.9999784132,4408567.000162742
102,102,1,"EPSG:4269:-118.842789324000,39.819623475000",DQ103,Desert Queen,3.3,positive_2mDAB_insufficient_repeat_dates,20061108,1,,,20061108:4.350,-118.84278932399997,39.81962347500007,342282.0000149595,4409362.000073223
101,101,1,"EPSG:4269:-118.842743688000,39.814416860000",DQ102,Desert Queen,16.4,positive_2mDAB_insufficient_repeat_dates,20061107,1,,,20061107:15.900,-118.84274368799998,39.81441686000005,342273.9999845555,4408784.000134701
56,56,1,"EPSG:4269:-118.842558373000,39.789977680000",DQ057,Desert Queen,1.9,positive_2mDAB_insufficient_repeat_dates,20061105,1,,,20061105:-0.600,-118.84255837299997,39.78997768000005,342234.00003092387,4406071.0001623565
63,63,1,"EPSG:4269:-118.842388477000,39.805052882000",DQ064,Desert Queen,12.6,positive_2mDAB_insufficient_repeat_dates,20061105,1,,,20061105:10.700,-118.84238847699999,39.80505288200004,342283.00004145736,4407744.000102874
103,103,1,"EPSG:4269:-118.841972692000,39.823168067000",DQ104,Desert Queen,3.7,positive_2mDAB_insufficient_repeat_dates,20061108,1,,,20061108:4.750,-118.84197269199996,39.82316806700004,342359.99998586805,4409754.000151516
1253,1253,1,"EPSG:4269:-118.840875939000,39.806590451000",DQ139,Desert Queen,6.5,positive_2mDAB_insufficient_repeat_dates,20090308,1,,,20090308:5.300,-118.84087593899994,39.806590451000034,342416.00004491094,4407912.000162771
88,88,1,"EPSG:4269:-118.840505167000,39.811082942000",DQ089,Desert Queen,7.8,positive_2mDAB_insufficient_repeat_dates,20061107,1,,,20061107:7.300,-118.84050516699995,39.81108294200004,342457.9999663306,4408410.00009648
1252,1252,1,"EPSG:4269:-118.840434646000,39.806687545000",DQ138,Desert Queen,10.3,persistent_repeat_residual,20090308;20090903,2,4.449999999999999,0.5,20090308:9.100;20090903:-0.200,-118.84043464599995,39.806687545000045,342453.99999920966,4407922.0000582775
1251,1251,1,"EPSG:4269:-118.840345560000,39.806851126000",DQ137,Desert Queen,8.5,persistent_repeat_residual,20090308;20090903,2,2.950000000000001,0.5,20090308:7.300;20090903:-1.400,-118.84034555999995,39.806851126000026,342461.9999681576,4407940.000167607
1249,1249,1,"EPSG:4269:-118.840339408000,39.807058436000",DQ135,Desert Queen,11.2,persistent_repeat_residual,20090308;20090903,2,5.9,0.5,20090308:10.000;20090903:1.800,-118.84033940799998,39.807058436000034,342462.9999688214,4407963.000113023
62,62,1,"EPSG:4269:-118.840268374000,39.803518924000",DQ063,Desert Queen,7.4,positive_2mDAB_insufficient_repeat_dates,20061105,1,,,20061105:5.400,-118.84026837399995,39.80351892400006,342460.99999953585,4407570.000070994
1250,1250,1,"EPSG:4269:-118.840011362000,39.807460047000",DQ136,Desert Queen,11.6,persistent_repeat_residual,20090308;20090903,2,5.799999999999999,0.5,20090308:10.400;20090903:1.200,-118.84001136199998,39.80746004700006,342491.9999933063,4408007.000078941
70,70,1,"EPSG:4269:-118.839672713000,39.816663862000",DQ071,Desert Queen,5.1,positive_2mDAB_insufficient_repeat_dates,20061105,1,,,20061105:3.100,-118.83967271299997,39.81666386200004,342542.00002502557,4409028.000073207
104,104,1,"EPSG:4269:-118.839510195000,39.823711664000",DQ105,Desert Queen,2.5,positive_2mDAB_insufficient_repeat_dates,20061108,1,,,20061108:3.550,-118.83951019499995,39.82371166400003,342572.0000117528,4409810.0000898335
57,57,1,"EPSG:4269:-118.838836636000,39.793622424000",DQ058,Desert Queen,1.7,positive_2mDAB_insufficient_repeat_dates,20061105,1,,,20061105:-0.900,-118.83883663599994,39.793622424000034,342561.00003709004,4406469.000153761
14,14,1,"EPSG:4269:-118.838504227000,39.799997247000",DQ015,Desert Queen,2.8,positive_2mDAB_insufficient_repeat_dates,20061102,1,,,20061102:2.250,-118.83850422699999,39.79999724700008,342603.99999401945,4407176.000071772
1746,1746,1,"EPSG:4269:-118.838211200000,39.358920098000",FW034,Fallon,0.2,positive_2mDAB_insufficient_repeat_dates,20090930,1,,,20090930:-0.200,-118.83821119999999,39.358920098000056,341628.0000309382,4358219.000117121
61,61,1,"EPSG:4269:-118.837863673000,39.802259714000",DQ062,Desert Queen,6.6,positive_2mDAB_insufficient_repeat_dates,20061105,1,,,20061105:4.700,-118.83786367299996,39.80225971400006,342664.0000332275,4407426.000098195
87,87,1,"EPSG:4269:-118.836262454000,39.810123129000",DQ088,Desert Queen,7.2,positive_2mDAB_insufficient_repeat_dates,20061107,1,,,20061107:6.700,-118.83626245399995,39.81012312900003,342818.99999105884,4408296.000147976
71,71,1,"EPSG:4269:-118.835794576000,39.817563166000",DQ072,Desert Queen,3.4,positive_2mDAB_insufficient_repeat_dates,20061105,1,,,20061105:1.500,-118.83579457599996,39.81756316600007,342876.0000429575,4409121.000097905
1728,1728,1,"EPSG:4269:-118.833670897000,39.384120275000",FW016,Fallon,0.1,positive_2mDAB_insufficient_repeat_dates,20090922,1,,,20090922:0.000,-118.83367089699999,39.38412027500004,342076.00001910445,4361008.000105015
58,58,1,"EPSG:4269:-118.833331841000,39.794790662000",DQ059,Desert Queen,2.8,positive_2mDAB_insufficient_repeat_dates,20061105,1,,,20061105:0.900,-118.83333184099996,39.794790662000025,343034.9999778874,4406589.000063628
1254,1254,1,"EPSG:4269:-118.833250599000,39.794809965000",DQ140,Desert Queen,3.3,positive_2mDAB_insufficient_repeat_dates,20090308,1,,,20090308:2.100,-118.83325059899994,39.79480996500007,343042.0000284102,4406591.000125824
1255,1255,1,"EPSG:4269:-118.833142464000,39.802172251000",DQ141,Desert Queen,2.1,positive_2mDAB_insufficient_repeat_dates,20090308,1,,,20090308:0.900,-118.83314246399999,39.80217225100006,343068.00002743927,4407408.000120684
15,15,1,"EPSG:4269:-118.833106720000,39.802145788000",DQ016,Desert Queen,1.3,positive_2mDAB_insufficient_repeat_dates,20061102,1,,,20061102:0.750,-118.83310671999999,39.802145788000075,343071.00001897314,4407405.000116807
60,60,1,"EPSG:4269:-118.833038225000,39.798687310000",DQ061,Desert Queen,0.3,positive_2mDAB_insufficient_repeat_dates,20061105,1,,,20061105:-2.200,-118.83303822499994,39.79868731000005,343068.9999713375,4407021.000122262
86,86,1,"EPSG:4269:-118.830990837000,39.808683895000",DQ087,Desert Queen,2.3,positive_2mDAB_insufficient_repeat_dates,20061107,1,,,20061107:1.800,-118.83099083699994,39.80868389500006,343267.00004075904,4408127.000103706
72,72,1,"EPSG:4269:-118.829561039000,39.816877852000",DQ073,Desert Queen,0.5,positive_2mDAB_insufficient_repeat_dates,20061105,1,,,20061105:-2.100,-118.82956103899994,39.81687785200006,343407.9999936479,4409034.000113396
16,16,1,"EPSG:4269:-118.828115856000,39.804224606000",DQ017,Desert Queen,0.7,positive_2mDAB_insufficient_repeat_dates,20061102,1,,,20061102:0.150,-118.82811585599995,39.80422460600005,343503.00003812317,4407627.000092504
59,59,1,"EPSG:4269:-118.827823511000,39.795832567000",DQ060,Desert Queen,2.6,positive_2mDAB_insufficient_repeat_dates,20061105,1,,,20061105:0.600,-118.82782351099996,39.79583256700005,343509.00000317185,4406695.000151745
1733,1733,1,"EPSG:4269:-118.824705456000,39.318020420000",FW021,Fallon,0.2,positive_2mDAB_insufficient_repeat_dates,20090923,1,,,20090923:0.550,-118.82470545599995,39.31802042000004,342700.00000398996,4353656.000084258
1258,1258,1,"EPSG:4269:-118.823634020000,39.810547585000",DQ144,Desert Queen,0.9,persistent_repeat_residual,20090308;20090509;20090701,3,2.299999999999999,0.6666666666666666,20090308:-0.500;20090509:2.300;20090701:2.700,-118.82363401999999,39.81054758500005,343901.000020203,4408321.000143949
17,17,1,"EPSG:4269:-118.823128986000,39.806023861000",DQ018,Desert Queen,0.5,positive_2mDAB_insufficient_repeat_dates,20061102,1,,,20061102:-0.100,-118.82312898599997,39.80602386100003,343934.0000345326,4407818.000147271
84,84,1,"EPSG:4269:-118.822814622000,39.802082738000",DQ085,Desert Queen,0.5,positive_2mDAB_insufficient_repeat_dates,20061107,1,,,20061107:-0.450,-118.82281462199995,39.802082738000024,343952.00003086764,4407380.000107833
85,85,1,"EPSG:4269:-118.816835133000,39.805221680000",DQ086,Desert Queen,0.2,positive_2mDAB_insufficient_repeat_dates,20061107,1,,,20061107:-0.750,-118.81683513299998,39.805221680000045,344470.9999878771,4407718.000114071
75,75,1,"EPSG:4269:-118.806467444000,39.802734866000",DQ076,Desert Queen,0.2,positive_2mDAB_insufficient_repeat_dates,20061106,1,,,20061106:1.200,-118.80646744399996,39.80273486600004,345353.0000380899,4407424.000096484
79,79,1,"EPSG:4269:-118.805552763000,39.787415270000",DQ080,Desert Queen,1.4,positive_2mDAB_insufficient_repeat_dates,20061107,1,,,20061107:0.900,-118.80555276299998,39.787415270000054,345397.000036027,4405722.000073473
2667,2667,1,"EPSG:4269:-118.735445365000,39.207029575000",LA016,Lee Hot Springs,8.6,positive_2mDAB_insufficient_repeat_dates,20110129,1,,,20110129:8.200,-118.73544536499998,39.207029575000035,350158.99996642047,4341186.000109064
2682,2682,1,"EPSG:4269:-118.733984891000,39.208862378000",LA031,Lee Hot Springs,3.9,positive_2mDAB_insufficient_repeat_dates,20110208,1,,,20110208:1.700,-118.73398489099998,39.20886237800005,350289.00002030574,4341387.000166637
2926,2926,1,"EPSG:4269:-118.732447712000,39.448705172000",FM002,Fallon,0.7,positive_2mDAB_insufficient_repeat_dates,20121011,1,,,20121011:0.250,-118.73244771199995,39.448705172000075,350931.99997187126,4368004.000165661
2677,2677,1,"EPSG:4269:-118.731412452000,39.209279077000",LA026,Lee Hot Springs,29.0,positive_2mDAB_insufficient_repeat_dates,20110208,1,,,20110208:26.800,-118.73141245199997,39.209279077000076,350512.00000613206,4341429.000149026
2676,2676,1,"EPSG:4269:-118.729263926000,39.209509222000",LA025,Lee Hot Springs,28.7,positive_2mDAB_insufficient_repeat_dates,20110208,1,,,20110208:26.500,-118.72926392599999,39.209509222000065,350697.999997917,4341451.000138794
2669,2669,1,"EPSG:4269:-118.729263805000,39.213753026000",LA018,Lee Hot Springs,0.3,positive_2mDAB_insufficient_repeat_dates,20110207,1,,,20110207:0.100,-118.72926380499996,39.21375302600006,350706.9999929182,4341922.000103706
2718,2718,1,"EPSG:4269:-118.729061630000,39.210233041000",LA042,Lee Hot Springs,4.1,positive_2mDAB_insufficient_repeat_dates,20110519,1,,,20110519:3.350,-118.72906162999999,39.21023304100004,350717.00001176295,4341531.000093656
2665,2665,1,"EPSG:4269:-118.728647894000,39.209419255000",LA014,Lee Hot Springs,27.4,persistent_repeat_residual,20110129;20110207;20110519,3,26.599999999999998,1.0,20110129:27.000;20110207:26.600;20110519:25.350,-118.72864789399995,39.20941925500006,350751.0000355579,4341440.000149953
2680,2680,1,"EPSG:4269:-118.726881512000,39.209175153000",LA029,Lee Hot Springs,26.8,positive_2mDAB_insufficient_repeat_dates,20110208,1,,,20110208:24.600,-118.72688151199998,39.20917515300005,350902.999985475,4341410.0001399545
2668,2668,1,"EPSG:4269:-118.726521309000,39.211018574000",LA017,Lee Hot Springs,4.8,positive_2mDAB_insufficient_repeat_dates,20110207,1,,,20110207:4.200,-118.72652130899996,39.211018574000036,350937.9999640302,4341614.000102626
3067,3067,1,"EPSG:4269:-118.724729952000,39.444414082000",FM045,Fallon,3.7,positive_2mDAB_insufficient_repeat_dates,20121128,1,,,20121128:3.450,-118.72472995199996,39.44441408200004,351587.0000351813,4367515.000156228
2652,2652,1,"EPSG:4269:-118.724208485000,39.208322746000",LA001,Lee Hot Springs,54.7,persistent_repeat_residual,20110129;20110208,2,52.95,1.0,20110129:54.300;20110208:51.600,-118.72420848499996,39.20832274600008,351132.00003125373,4341311.0001628315
3053,3053,1,"EPSG:4269:-118.723863072000,39.418208153000",FM031,Fallon,0.4,positive_2mDAB_insufficient_repeat_dates,20121127,1,,,20121127:0.300,-118.72386307199997,39.41820815300008,351606.0000150538,4364605.000141027
2672,2672,1,"EPSG:4269:-118.723759404000,39.220267905000",LA021,Lee Hot Springs,0.2,positive_2mDAB_insufficient_repeat_dates,20110207,1,,,20110207:0.000,-118.72375940399996,39.22026790500007,351196.0000013761,4342636.000081035
2656,2656,1,"EPSG:4269:-118.723470846000,39.208468817000",LA005,Lee Hot Springs,54.0,positive_2mDAB_insufficient_repeat_dates,20110129,1,,,20110129:53.600,-118.72347084599994,39.20846881700004,351195.9999737939,4341326.000167202
2655,2655,1,"EPSG:4269:-118.723226310000,39.207940833000",LA004,Lee Hot Springs,38.5,positive_2mDAB_insufficient_repeat_dates,20110129,1,,,20110129:38.100,-118.72322630999997,39.207940833000066,351216.00001175504,4341267.000150021
3063,3063,1,"EPSG:4269:-118.723067699000,39.435906370000",FM041,Fallon,0.3,positive_2mDAB_insufficient_repeat_dates,20121127,1,,,20121127:0.200,-118.72306769899996,39.435906370000055,351711.99996010907,4366568.000147863
2685,2685,1,"EPSG:4269:-118.721979967000,39.209545063000",LA034,Lee Hot Springs,10.4,positive_2mDAB_insufficient_repeat_dates,20110208,1,,,20110208:8.200,-118.72197996699998,39.209545063000064,351326.999975611,4341443.000098383
2723,2723,1,"EPSG:4269:-118.721683545000,39.222064610000",LA047,Lee Hot Springs,0.9,positive_2mDAB_insufficient_repeat_dates,20110519,1,,,20110519:0.000,-118.72168354499996,39.222064610000075,351379.00002701813,4342832.000091799
2673,2673,1,"EPSG:4269:-118.721636347000,39.222029267000",LA022,Lee Hot Springs,1.2,positive_2mDAB_insufficient_repeat_dates,20110207,1,,,20110207:1.000,-118.72163634699996,39.22202926700004,351382.99999890267,4342828.0000907695
2653,2653,1,"EPSG:4269:-118.721549298000,39.207560174000",LA002,Lee Hot Springs,13.0,persistent_repeat_residual,20110129;20110208,2,11.2,1.0,20110129:12.600;20110208:9.800,-118.72154929799996,39.20756017400004,351360.0000277775,4341222.000127165
2724,2724,1,"EPSG:4269:-118.720844981000,39.221878780000",LA048,Lee Hot Springs,0.6,positive_2mDAB_insufficient_repeat_dates,20110519,1,,,20110519:-0.450,-118.72084498099997,39.221878780000054,351451.00004218647,4342810.000077609
2681,2681,1,"EPSG:4269:-118.720289511000,39.211462188000",LA030,Lee Hot Springs,1.5,positive_2mDAB_insufficient_repeat_dates,20110208,1,,,20110208:-1.900,-118.72028951099998,39.21146218800004,351476.9999618272,4341653.000107753
3064,3064,1,"EPSG:4269:-118.719754959000,39.425458881000",FM042,Fallon,0.2,positive_2mDAB_insufficient_repeat_dates,20121127,1,,,20121127:0.000,-118.71975495899994,39.425458881000054,351975.00001645356,4365403.000139504
2719,2719,1,"EPSG:4269:-118.719558539000,39.208085145000",LA043,Lee Hot Springs,0.5,positive_2mDAB_insufficient_repeat_dates,20110519,1,,,20110519:-0.550,-118.71955853899999,39.20808514500004,351532.99999767565,4341277.000164513
2683,2683,1,"EPSG:4269:-118.716665640000,39.213416813000",LA032,Lee Hot Springs,2.9,positive_2mDAB_insufficient_repeat_dates,20110208,1,,,20110208:0.200,-118.71666563999997,39.21341681300004,351794.00000062207,4341864.00008114
3069,3069,1,"EPSG:4269:-118.716137045000,39.427152129000",FM047,Fallon,0.7,positive_2mDAB_insufficient_repeat_dates,20121128,1,,,20121128:0.050,-118.71613704499998,39.427152129000035,352290.0000335146,4365585.000057106
3049,3049,1,"EPSG:4269:-118.716103671000,39.404952179000",FM027,Fallon,1.6,positive_2mDAB_insufficient_repeat_dates,20121125,1,,,20121125:1.650,-118.71610367099998,39.40495217900008,352246.000013491,4363121.000133499
2717,2717,1,"EPSG:4269:-118.715655723000,39.210944877000",LA041,Lee Hot Springs,12.8,positive_2mDAB_insufficient_repeat_dates,20110519,1,,,20110519:12.050,-118.71565572299994,39.21094487700003,351876.0000364424,4341588.000060833
2675,2675,1,"EPSG:4269:-118.715479022000,39.223669885000",LA024,Lee Hot Springs,0.2,positive_2mDAB_insufficient_repeat_dates,20110207,1,,,20110207:0.000,-118.71547902199995,39.22366988500005,351918.0000435263,4343000.000110762
2934,2934,1,"EPSG:4269:-118.715197890000,39.456592268000",FM010,Fallon,0.3,positive_2mDAB_insufficient_repeat_dates,20121012,1,,,20121012:0.850,-118.71519788999996,39.456592268000065,352433.00002600194,4368851.000165837
3082,3082,1,"EPSG:4269:-118.714062462000,39.413604783000",FM060,Fallon,0.6,positive_2mDAB_insufficient_repeat_dates,20121209,1,,,20121209:0.700,-118.71406246199996,39.41360478300004,352440.0000199813,4364078.000136776
3058,3058,1,"EPSG:4269:-118.713151323000,39.421934364000",FM036,Fallon,1.3,positive_2mDAB_insufficient_repeat_dates,20121127,1,,,20121127:1.200,-118.71315132299998,39.42193436400004,352535.9999749345,4365001.000101933
2663,2663,1,"EPSG:4269:-118.713144747000,39.220568699000",LA012,Lee Hot Springs,0.3,positive_2mDAB_insufficient_repeat_dates,20110129,1,,,20110129:-2.000,-118.71314474699994,39.22056869900007,352112.9999897736,4342652.00012321
2716,2716,1,"EPSG:4269:-118.713055186000,39.212595985000",LA040,Lee Hot Springs,9.6,positive_2mDAB_insufficient_repeat_dates,20110519,1,,,20110519:8.850,-118.71305518599996,39.212595985000064,352104.0000278071,4341767.000116356
3051,3051,1,"EPSG:4269:-118.712634241000,39.408877590000",FM029,Fallon,0.2,positive_2mDAB_insufficient_repeat_dates,20121127,1,,,20121127:0.000,-118.71263424099999,39.40887759000003,352552.9999895441,4363551.000119905
2715,2715,1,"EPSG:4269:-118.712435028000,39.213289881000",LA039,Lee Hot Springs,6.5,positive_2mDAB_insufficient_repeat_dates,20110519,1,,,20110519:5.750,-118.71243502799996,39.21328988100004,352158.99996770604,4341843.000095237
3056,3056,1,"EPSG:4269:-118.711654380000,39.418676796000",FM034,Fallon,0.8,positive_2mDAB_insufficient_repeat_dates,20121127,1,,,20121127:0.700,-118.71165437999997,39.41867679600006,352658.00000792526,4364637.000149701
2714,2714,1,"EPSG:4269:-118.710830935000,39.214484784000",LA038,Lee Hot Springs,2.0,positive_2mDAB_insufficient_repeat_dates,20110519,1,,,20110519:1.250,-118.71083093499999,39.214484784000035,352299.99999680184,4341973.000168254
2713,2713,1,"EPSG:4269:-118.710517461000,39.215408429000",LA037,Lee Hot Springs,2.7,positive_2mDAB_insufficient_repeat_dates,20110519,1,,,20110519:1.950,-118.71051746099994,39.215408429000036,352329.0000108181,4342075.000069689
2661,2661,1,"EPSG:4269:-118.710503259000,39.215300515000",LA010,Lee Hot Springs,7.4,positive_2mDAB_insufficient_repeat_dates,20110129,1,,,20110129:7.000,-118.71050325899995,39.215300515000024,352330.0000323121,4342063.00006085
3055,3055,1,"EPSG:4269:-118.710151859000,39.417086124000",FM033,Fallon,0.2,positive_2mDAB_insufficient_repeat_dates,20121127,1,,,20121127:0.000,-118.71015185899995,39.417086124000036,352783.9999871929,4364458.000168427
2662,2662,1,"EPSG:4269:-118.709455528000,39.219857043000",LA011,Lee Hot Springs,0.4,positive_2mDAB_insufficient_repeat_dates,20110129,1,,,20110129:-1.900,-118.70945552799998,39.21985704300005,352430.00003185985,4342567.000075603
3077,3077,1,"EPSG:4269:-118.708136842000,39.423999316000",FM055,Fallon,0.4,positive_2mDAB_insufficient_repeat_dates,20121209,1,,,20121209:0.500,-118.70813684199999,39.42399931600005,352971.999958521,4365222.000121185
3054,3054,1,"EPSG:4269:-118.706726351000,39.416658918000",FM032,Fallon,0.5,positive_2mDAB_insufficient_repeat_dates,20121127,1,,,20121127:0.400,-118.70672635099999,39.41665891800005,353078.0000062218,4364405.000125884
3081,3081,1,"EPSG:4269:-118.706684677000,39.412569021000",FM059,Fallon,0.9,positive_2mDAB_insufficient_repeat_dates,20121209,1,,,20121209:1.000,-118.70668467699994,39.412569021000024,353073.00001626404,4363951.000128874
2936,2936,1,"EPSG:4269:-118.706148602000,39.457734516000",FM012,Fallon,1.8,positive_2mDAB_insufficient_repeat_dates,20121012,1,,,20121012:2.350,-118.70614860199998,39.45773451600007,353213.99995959265,4368963.000096887
3078,3078,1,"EPSG:4269:-118.705216367000,39.420951772000",FM056,Fallon,1.0,positive_2mDAB_insufficient_repeat_dates,20121209,1,,,20121209:1.100,-118.70521636699999,39.42095177200008,353217.00000523136,4364879.000071372
2937,2937,1,"EPSG:4269:-118.703150625000,39.400033933000",FM013,Fallon,0.5,positive_2mDAB_insufficient_repeat_dates,20121012,1,,,20121012:1.050,-118.70315062499998,39.40003393300003,353351.0000150369,4362554.000116009
3079,3079,1,"EPSG:4269:-118.702368448000,39.417533683000",FM057,Fallon,0.7,positive_2mDAB_insufficient_repeat_dates,20121209,1,,,20121209:0.900,-118.70236844799996,39.417533683000045,353455.0000226274,4364495.000115542
2933,2933,1,"EPSG:4269:-118.701930094000,39.406196585000",FM009,Fallon,1.5,positive_2mDAB_insufficient_repeat_dates,20121011,1,,,20121011:1.300,-118.70193009399998,39.40619658500003,353468.99998267356,4363236.000069614
3080,3080,1,"EPSG:4269:-118.699361810000,39.412829418000",FM058,Fallon,0.2,positive_2mDAB_insufficient_repeat_dates,20121209,1,,,20121209:0.400,-118.69936180999997,39.41282941800006,353703.99996918987,4363968.000122141
1769,1769,1,"EPSG:4269:-118.697665333000,38.565755247000",HA102,Hawthorne,0.2,positive_2mDAB_insufficient_repeat_dates,20091109,1,,,20091109:0.100,-118.69766533299997,38.56575524700003,352097.00001380465,4269956.000145643
1768,1768,1,"EPSG:4269:-118.696587310000,38.571159539000",HA101,Hawthorne,0.7,positive_2mDAB_insufficient_repeat_dates,20091109,1,,,20091109:0.600,-118.69658730999998,38.571159539000064,352202.0000307868,4270554.000066863
3048,3048,1,"EPSG:4269:-118.692773094000,39.399743937000",FM026,Fallon,0.7,positive_2mDAB_insufficient_repeat_dates,20121125,1,,,20121125:0.650,-118.69277309399996,39.39974393700004,354244.00000880007,4362505.000089042
2929,2929,1,"EPSG:4269:-118.690566601000,39.446852929000",FM005,Fallon,0.9,positive_2mDAB_insufficient_repeat_dates,20121011,1,,,20121011:0.700,-118.69056660099994,39.446852929000045,354531.9999650853,4367730.000082039
2930,2930,1,"EPSG:4269:-118.689941849000,39.436392498000",FM006,Fallon,2.7,positive_2mDAB_insufficient_repeat_dates,20121011,1,,,20121011:2.500,-118.68994184899998,39.43639249800003,354563.9999914743,4366568.000101831
3084,3084,1,"EPSG:4269:-118.688733845000,39.425823387000",FM062,Fallon,1.1,positive_2mDAB_insufficient_repeat_dates,20121219,0,,,,-118.68873384499994,39.42582338700004,354646.00001054455,4365393.00011896
254,254,1,"EPSG:4269:-118.684498822000,40.038566817000",TU002,Toulon,0.3,positive_2mDAB_insufficient_repeat_dates,20071101,1,,,20071101:0.300,-118.68449882199997,40.03856681700006,356288.99998274504,4433397.000160693
2940,2940,1,"EPSG:4269:-118.682163452000,39.391239269000",FM016,Fallon,0.7,positive_2mDAB_insufficient_repeat_dates,20121012,1,,,20121012:1.150,-118.68216345199994,39.39123926900004,355140.0000177612,4361544.000102344
271,271,1,"EPSG:4269:-118.682085882000,40.046259580000",TU019,Toulon,0.2,positive_2mDAB_insufficient_repeat_dates,20071101,1,,,20071101:0.200,-118.68208588199997,40.046259580000026,356510.9999941226,4434247.000081268
270,270,1,"EPSG:4269:-118.680436117000,40.049724984000",TU018,Toulon,0.2,positive_2mDAB_insufficient_repeat_dates,20071101,1,,,20071101:0.200,-118.68043611699994,40.04972498400008,356658.99998016574,4434629.000139082
272,272,1,"EPSG:4269:-118.677570333000,40.043766491000",TU020,Toulon,0.5,positive_2mDAB_insufficient_repeat_dates,20071101,1,,,20071101:0.500,-118.67757033299995,40.04376649100004,356890.99997935997,4433963.000091767
1778,1778,1,"EPSG:4269:-118.677503020000,38.530361706000",HA111,Hawthorne,0.1,positive_2mDAB_insufficient_repeat_dates,20091110,1,,,20091110:0.300,-118.67750301999996,38.530361706000065,353781.9999964475,4265996.000069414
1786,1786,1,"EPSG:4269:-118.676504537000,38.537756188000",HA119,Hawthorne,0.9,positive_2mDAB_insufficient_repeat_dates,20091110,1,,,20091110:1.100,-118.67650453699997,38.53775618800006,353884.00002181204,4266815.000142557
1803,1803,1,"EPSG:4269:-118.675954206000,38.544198063000",HA136,Hawthorne,0.6,positive_2mDAB_insufficient_repeat_dates,20091111,1,,,20091111:0.900,-118.67595420599997,38.54419806300007,353944.9999798784,4267529.000160768
2171,2171,1,"EPSG:4269:-118.675932761000,38.544757063000",HA168,Hawthorne,0.1,positive_2mDAB_insufficient_repeat_dates,20100226,1,,,20100226:-0.300,-118.67593276099996,38.54475706300008,353947.99997254764,4267591.00005963
1774,1774,1,"EPSG:4269:-118.674952223000,38.542058730000",HA107,Hawthorne,2.3,positive_2mDAB_insufficient_repeat_dates,20091109,1,,,20091109:2.200,-118.67495222299999,38.542058730000065,354028.0000365211,4267290.000130168
1788,1788,1,"EPSG:4269:-118.674874409000,38.521883744000",HA121,Hawthorne,0.4,positive_2mDAB_insufficient_repeat_dates,20091110,1,,,20091110:0.600,-118.67487440899998,38.521883744000036,353993.9999637415,4265051.000077182
2943,2943,1,"EPSG:4269:-118.673998427000,39.388726141000",FM019,Fallon,1.2,positive_2mDAB_insufficient_repeat_dates,20121012,1,,,20121012:1.750,-118.67399842699996,39.38872614100006,355837.9999832455,4361252.000111818
255,255,1,"EPSG:4269:-118.671844512000,40.037299677000",TU003,Toulon,0.7,positive_2mDAB_insufficient_repeat_dates,20071101,1,,,20071101:0.700,-118.67184451199995,40.03729967700008,357366.0000328481,4433236.000077882
1804,1804,1,"EPSG:4269:-118.671683903000,38.537176325000",HA137,Hawthorne,1.7,positive_2mDAB_insufficient_repeat_dates,20091111,1,,,20091111:2.100,-118.67168390299997,38.537176325000075,354303.00001841737,4266743.000076826
1781,1781,1,"EPSG:4269:-118.671235354000,38.516799349000",HA114,Hawthorne,1.0,positive_2mDAB_insufficient_repeat_dates,20091110,1,,,20091110:1.200,-118.67123535399998,38.51679934900005,354300.9999701297,4264481.00010945
1773,1773,1,"EPSG:4269:-118.670513258000,38.551538863000",HA106,Hawthorne,1.7,positive_2mDAB_insufficient_repeat_dates,20091109,1,,,20091109:1.500,-118.67051325799997,38.551538863000076,354433.9999867192,4268335.000082581
2195,2195,1,"EPSG:4269:-118.670469779000,38.541230678000",HA192,Hawthorne,0.7,positive_2mDAB_insufficient_repeat_dates,20100226,1,,,20100226:0.600,-118.67046977899997,38.54123067800003,354417.0000442032,4267191.000140169
2944,2944,1,"EPSG:4269:-118.670462751000,39.386533478000",FM020,Fallon,0.3,positive_2mDAB_insufficient_repeat_dates,20121012,1,,,20121012:0.850,-118.67046275099995,39.38653347800005,356137.99999588786,4361003.000090943
274,274,1,"EPSG:4269:-118.670452425000,40.045572069000",TU022,Toulon,0.5,positive_2mDAB_insufficient_repeat_dates,20071101,1,,,20071101:0.500,-118.67045242499995,40.04557206900006,357502.00002562086,4434152.000168635
273,273,1,"EPSG:4269:-118.670447914000,40.042986531000",TU021,Toulon,0.7,positive_2mDAB_insufficient_repeat_dates,20071101,1,,,20071101:0.700,-118.67044791399996,40.042986531000054,357497.00001894124,4433865.0000665635
2192,2192,1,"EPSG:4269:-118.670358992000,38.544872783000",HA189,Hawthorne,0.8,positive_2mDAB_insufficient_repeat_dates,20100226,1,,,20100226:0.700,-118.67035899199999,38.54487278300007,354433.9999860337,4267595.000095606
1777,1777,1,"EPSG:4269:-118.670005281000,38.535037596000",HA110,Hawthorne,0.6,positive_2mDAB_insufficient_repeat_dates,20091110,1,,,20091110:0.800,-118.67000528099999,38.53503759600005,354445.0000104372,4266503.000120064
1808,1808,1,"EPSG:4269:-118.667877597000,38.541267643000",HA141,Hawthorne,2.8,positive_2mDAB_insufficient_repeat_dates,20091111,1,,,20091111:3.200,-118.66787759699997,38.541267643000026,354642.9999729517,4267191.000118778
1805,1805,1,"EPSG:4269:-118.667721716000,38.531537756000",HA138,Hawthorne,0.6,positive_2mDAB_insufficient_repeat_dates,20091111,1,,,20091111:0.900,-118.66772171599996,38.531537756000034,354637.00002077385,4266111.000105606
268,268,1,"EPSG:4269:-118.667016341000,40.050801780000",TU016,Toulon,0.4,positive_2mDAB_insufficient_repeat_dates,20071101,1,,,20071101:0.400,-118.66701634099996,40.05080178000003,357805.99999599415,4434727.000074222
1783,1783,1,"EPSG:4269:-118.666028511000,38.510349420000",HA116,Hawthorne,1.7,positive_2mDAB_insufficient_repeat_dates,20091110,1,,,20091110:1.900,-118.66602851099998,38.51034942000007,354741.9999829377,4263757.000097873
2181,2181,1,"EPSG:4269:-118.665545258000,38.549086531000",HA178,Hawthorne,0.2,positive_2mDAB_insufficient_repeat_dates,20100226,1,,,20100226:-0.300,-118.66554525799995,38.54908653100006,354861.9999962392,4268055.000090319
1807,1807,1,"EPSG:4269:-118.664189738000,38.537075854000",HA140,Hawthorne,2.2,positive_2mDAB_insufficient_repeat_dates,20091111,1,,,20091111:2.500,-118.66418973799995,38.53707585400008,354955.99998427526,4266720.000164013
1806,1806,1,"EPSG:4269:-118.662327327000,38.532425494000",HA139,Hawthorne,1.0,positive_2mDAB_insufficient_repeat_dates,20091111,1,,,20091111:1.400,-118.66232732699996,38.53242549400005,355109.0000418251,4266201.000076379
1809,1809,1,"EPSG:4269:-118.659956625000,38.540587255000",HA142,Hawthorne,1.5,positive_2mDAB_insufficient_repeat_dates,20091111,1,,,20091111:1.800,-118.65995662499995,38.54058725500005,355332.0000248974,4267103.0000558635
1780,1780,1,"EPSG:4269:-118.659445599000,38.519346024000",HA113,Hawthorne,0.2,positive_2mDAB_insufficient_repeat_dates,20091110,1,,,20091110:0.400,-118.65944559899998,38.51934602400007,355334.00000964676,4264745.000093118
1792,1792,1,"EPSG:4269:-118.658976214000,38.505394244000",HA125,Hawthorne,0.3,positive_2mDAB_insufficient_repeat_dates,20091111,1,,,20091111:0.600,-118.65897621399995,38.50539424400006,355346.9999930619,4263196.000107222
1789,1789,1,"EPSG:4269:-118.656220999000,38.536792381000",HA122,Hawthorne,0.3,positive_2mDAB_insufficient_repeat_dates,20091111,1,,,20091111:0.600,-118.65622099899997,38.536792381000055,355649.99995673273,4266676.0000582915
1782,1782,1,"EPSG:4269:-118.655036967000,38.511154123000",HA115,Hawthorne,0.6,positive_2mDAB_insufficient_repeat_dates,20091110,1,,,20091110:0.800,-118.65503696699994,38.51115412300004,355702.00003174494,4263829.000082861
264,264,1,"EPSG:4269:-118.653910698000,40.080881674000",TU012,Toulon,0.9,positive_2mDAB_insufficient_repeat_dates,20071101,1,,,20071101:0.900,-118.65391069799995,40.08088167400007,358985.99998592224,4438045.000145886
1793,1793,1,"EPSG:4269:-118.651271463000,38.500447834000",HA126,Hawthorne,2.0,positive_2mDAB_insufficient_repeat_dates,20091111,1,,,20091111:2.400,-118.65127146299994,38.500447834000056,356009.00004236866,4262635.000094664
1790,1790,1,"EPSG:4269:-118.649498462000,38.525767439000",HA123,Hawthorne,1.6,positive_2mDAB_insufficient_repeat_dates,20091111,1,,,20091111:1.900,-118.64949846199994,38.52576743900005,356213.9999592205,4265442.000070003
1791,1791,1,"EPSG:4269:-118.648816262000,38.505925245000",HA124,Hawthorne,2.1,positive_2mDAB_insufficient_repeat_dates,20091111,1,,,20091111:2.500,-118.64881626199997,38.50592524500007,356233.9999971207,4263239.000120862
1814,1814,1,"EPSG:4269:-118.644266513000,38.514126406000",HA147,Hawthorne,0.5,positive_2mDAB_insufficient_repeat_dates,20091112,1,,,20091112:0.400,-118.64426651299999,38.51412640600006,356647.0000049605,4264142.000057741
1708,1708,1,"EPSG:4269:-118.640725713000,38.453097398000",HA096,Hawthorne,0.3,positive_2mDAB_insufficient_repeat_dates,20090916,1,,,20090916:0.200,-118.640725713,38.45309739800007,356834.9999991951,4257364.000098717
1709,1709,1,"EPSG:4269:-118.638627539000,38.442412254000",HA097,Hawthorne,0.5,positive_2mDAB_insufficient_repeat_dates,20090916,1,,,20090916:0.400,-118.63862753899997,38.44241225400003,356997.0000437724,4256175.000082083
1704,1704,1,"EPSG:4269:-118.632645924000,38.455607318000",HA092,Hawthorne,1.4,positive_2mDAB_insufficient_repeat_dates,20090916,1,,,20090916:1.400,-118.63264592399997,38.455607318000034,357544.99999392114,4257630.00014068
1693,1693,1,"EPSG:4269:-118.631481003000,38.480197488000",HA081,Hawthorne,0.7,positive_2mDAB_insufficient_repeat_dates,20090915,1,,,20090915:0.700,-118.63148100299998,38.480197488000044,357695.00000352925,4260357.000136621
1671,1671,1,"EPSG:4269:-118.622518960000,38.491568136000",HA059,Hawthorne,0.4,positive_2mDAB_insufficient_repeat_dates,20090814,1,,,20090814:0.700,-118.62251895999998,38.49156813600007,358498.99997014983,4261605.000095765
1655,1655,1,"EPSG:4269:-118.622418635000,38.466130516000",HA043,Hawthorne,2.2,positive_2mDAB_insufficient_repeat_dates,20090813,1,,,20090813:2.550,-118.62241863499997,38.46613051600008,358457.99999776226,4258782.000082521
1690,1690,1,"EPSG:4269:-118.622416414000,38.466031422000",HA078,Hawthorne,1.0,positive_2mDAB_insufficient_repeat_dates,20090915,1,,,20090915:0.900,-118.62241641399999,38.46603142200007,358458.00002340897,4258771.000100509
1692,1692,1,"EPSG:4269:-118.620090030000,38.472704993000",HA080,Hawthorne,1.2,positive_2mDAB_insufficient_repeat_dates,20090915,1,,,20090915:1.200,-118.62009002999997,38.472704993000036,358673.9999928601,4259508.000084748
257,257,1,"EPSG:4269:-118.617775135000,40.104608375000",TU005,Toulon,0.9,positive_2mDAB_insufficient_repeat_dates,20071101,1,,,20071101:0.900,-118.61777513499999,40.104608375000055,362114.9999848099,4440622.000109806
1686,1686,1,"EPSG:4269:-118.616758730000,38.456476503000",HA074,Hawthorne,0.2,positive_2mDAB_insufficient_repeat_dates,20090914,1,,,20090914:0.300,-118.61675872999996,38.45647650300003,358933.00004008744,4257702.0000869855
1698,1698,1,"EPSG:4269:-118.616503766000,38.465076870000",HA086,Hawthorne,1.2,positive_2mDAB_insufficient_repeat_dates,20090915,1,,,20090915:1.200,-118.616503766,38.465076870000075,358971.9999581721,4258656.000136431
1695,1695,1,"EPSG:4269:-118.612004282000,38.480223898000",HA083,Hawthorne,1.0,positive_2mDAB_insufficient_repeat_dates,20090915,1,,,20090915:1.000,-118.61200428199999,38.48022389800008,359394.0000087944,4260330.000159736
1691,1691,1,"EPSG:4269:-118.610730726000,38.467814759000",HA079,Hawthorne,0.1,positive_2mDAB_insufficient_repeat_dates,20090915,1,,,20090915:-0.700,-118.61073072599999,38.46781475900008,359480.99997541064,4258951.000130286
256,256,1,"EPSG:4269:-118.608232012000,40.094939475000",TU004,Toulon,0.4,positive_2mDAB_insufficient_repeat_dates,20071101,1,,,20071101:0.400,-118.60823201199997,40.09493947500005,362909.00002058985,4439534.000080589
1705,1705,1,"EPSG:4269:-118.606364221000,38.414085628000",HA093,Hawthorne,0.7,positive_2mDAB_insufficient_repeat_dates,20090916,1,,,20090916:0.700,-118.60636422099998,38.414085628000066,359758.00000699866,4252982.000101103
1830,1830,1,"EPSG:4269:-118.606048121000,38.538266492000",HA163,Hawthorne,0.1,positive_2mDAB_insufficient_repeat_dates,20091112,1,,,20091112:-0.100,-118.60604812099996,38.53826649200005,360026.0000253719,4266762.000066878
1696,1696,1,"EPSG:4269:-118.604832779000,38.476312339000",HA084,Hawthorne,0.8,positive_2mDAB_insufficient_repeat_dates,20090915,1,,,20090915:0.700,-118.60483277899999,38.47631233900006,360011.9999584207,4259885.000114698
1824,1824,1,"EPSG:4269:-118.597571623000,38.555476860000",HA157,Hawthorne,0.1,positive_2mDAB_insufficient_repeat_dates,20091112,1,,,20091112:-0.100,-118.59757162299996,38.555476860000056,360798.0000196975,4268659.000158559
2700,2700,1,"EPSG:4269:-118.588681459000,39.319697743000",SW013,Salt Wells,24.6,positive_2mDAB_insufficient_repeat_dates,20110323,1,,,20110323:18.700,-118.58868145899999,39.31969774300006,363051.00000174507,4353458.000126817
2705,2705,1,"EPSG:4269:-118.588411277000,39.330315404000",SW018,Salt Wells,10.0,positive_2mDAB_insufficient_repeat_dates,20110323,1,,,20110323:4.100,-118.58841127699998,39.33031540400003,363094.999997296,4354636.000123604
2746,2746,1,"EPSG:4269:-118.588190602000,39.314920039000",SW040,Salt Wells,0.8,positive_2mDAB_insufficient_repeat_dates,20110521,1,,,20110521:-0.200,-118.58819060199994,39.31492003900007,363084.00003647036,4352927.000082962
1682,1682,1,"EPSG:4269:-118.587712151000,38.456188961000",HA070,Hawthorne,0.5,positive_2mDAB_insufficient_repeat_dates,20090914,1,,,20090914:0.500,-118.58771215099995,38.456188961000066,361467.00002730906,4257626.000087201
2689,2689,1,"EPSG:4269:-118.586082132000,39.261590277000",SW002,Salt Wells,0.3,positive_2mDAB_insufficient_repeat_dates,20110322,1,,,20110322:0.150,-118.58608213199994,39.26159027700004,363161.9999703002,4347005.000109078
1829,1829,1,"EPSG:4269:-118.585474780000,38.576313165000",HA162,Hawthorne,1.0,positive_2mDAB_insufficient_repeat_dates,20091112,1,,,20091112:0.900,-118.58547477999997,38.576313165000045,361891.9999911946,4270953.000127784
2742,2742,1,"EPSG:4269:-118.585469038000,39.291467560000",SW036,Salt Wells,0.4,positive_2mDAB_insufficient_repeat_dates,20110521,1,,,20110521:-0.800,-118.58546903799999,39.29146756000006,363272.9999842113,4350320.000118369
2690,2690,1,"EPSG:4269:-118.584598515000,39.268278066000",SW003,Salt Wells,0.2,positive_2mDAB_insufficient_repeat_dates,20110322,1,,,20110322:0.000,-118.58459851499998,39.26827806600005,363302.99996206677,4347745.000109039
2712,2712,1,"EPSG:4269:-118.584508080000,39.254998176000",SW049,Salt Wells,0.1,positive_2mDAB_insufficient_repeat_dates,20110322,1,,,20110322:-0.150,-118.58450807999998,39.25499817600007,363285.0000264506,4346271.000087482
2743,2743,1,"EPSG:4269:-118.584365298000,39.288283961000",SW037,Salt Wells,0.1,positive_2mDAB_insufficient_repeat_dates,20110521,1,,,20110521:-1.100,-118.58436529799997,39.28828396100005,363362.00001397246,4349965.000153298
2704,2704,1,"EPSG:4269:-118.584295233000,39.309864355000",SW017,Salt Wells,9.3,positive_2mDAB_insufficient_repeat_dates,20110323,1,,,20110323:3.400,-118.58429523299998,39.30986435500006,363409.9999899325,4352360.0001533395
2741,2741,1,"EPSG:4269:-118.582484179000,39.289706133000",SW035,Salt Wells,1.7,positive_2mDAB_insufficient_repeat_dates,20110520,1,,,20110520:-0.100,-118.58248417899995,39.28970613300004,363527.00002059474,4350120.000153059
2650,2650,1,"EPSG:4269:-118.581898384000,39.151666994000",DF019,Diamond Field Jack Wash,0.6,positive_2mDAB_insufficient_repeat_dates,20110118,1,,,20110118:0.700,-118.58189838399994,39.15166699400004,363310.0000156317,4334799.000104448
1831,1831,1,"EPSG:4269:-118.581897074000,38.529367789000",HA164,Hawthorne,0.5,positive_2mDAB_insufficient_repeat_dates,20091112,1,,,20091112:0.400,-118.58189707399998,38.52936778900005,362114.00002821704,4265738.000152875
2703,2703,1,"EPSG:4269:-118.581834074000,39.339108802000",SW016,Salt Wells,4.7,positive_2mDAB_insufficient_repeat_dates,20110323,1,,,20110323:-4.600,-118.58183407399997,39.339108802000055,363678.99996802176,4355602.000082408
2696,2696,1,"EPSG:4269:-118.581625436000,39.297403517000",SW009,Salt Wells,6.0,positive_2mDAB_insufficient_repeat_dates,20110322,1,,,20110322:5.850,-118.58162543599997,39.29740351700008,363615.9999932023,4350973.000111501
2697,2697,1,"EPSG:4269:-118.581208311000,39.302572032000",SW010,Salt Wells,5.9,positive_2mDAB_insufficient_repeat_dates,20110323,1,,,20110323:-3.400,-118.58120831099995,39.30257203200006,363661.9999884687,4351546.000091346
2745,2745,1,"EPSG:4269:-118.581086551000,39.291491127000",SW039,Salt Wells,1.6,positive_2mDAB_insufficient_repeat_dates,20110521,1,,,20110521:1.000,-118.58108655099994,39.29149112700003,363650.99997088435,4350316.000077034
2694,2694,1,"EPSG:4269:-118.580143060000,39.290269538000",SW007,Salt Wells,5.5,positive_2mDAB_insufficient_repeat_dates,20110322,1,,,20110322:5.350,-118.58014305999995,39.290269538000075,363730.0000364175,4350179.000064779
2734,2734,1,"EPSG:4269:-118.579711019000,39.295294094000",SW027,Salt Wells,3.6,positive_2mDAB_insufficient_repeat_dates,20110520,1,,,20110520:2.200,-118.57971101899994,39.29529409400004,363776.99999168096,4350736.000154667
2651,2651,1,"EPSG:4269:-118.579375846000,39.169271508000",DF020,Diamond Field Jack Wash,0.9,positive_2mDAB_insufficient_repeat_dates,20110118,1,,,20110118:1.000,-118.57937584599995,39.169271508000065,363562.0000182675,4336749.000057534
1828,1828,1,"EPSG:4269:-118.579374524000,38.593913487000",HA161,Hawthorne,0.5,positive_2mDAB_insufficient_repeat_dates,20091112,1,,,20091112:0.400,-118.57937452399995,38.593913487000066,362457.0000195037,4272897.000057157
2647,2647,1,"EPSG:4269:-118.579359503000,39.156639143000",DF016,Diamond Field Jack Wash,0.1,positive_2mDAB_insufficient_repeat_dates,20110118,1,,,20110118:0.200,-118.57935950299998,39.15663914300006,363538.99997972633,4335347.00007439
2649,2649,1,"EPSG:4269:-118.578665865000,39.164956140000",DF018,Diamond Field Jack Wash,0.5,positive_2mDAB_insufficient_repeat_dates,20110118,1,,,20110118:0.600,-118.57866586499995,39.16495614000007,363615.0000302886,4336269.00015705
2695,2695,1,"EPSG:4269:-118.576770393000,39.289819709000",SW008,Salt Wells,2.5,positive_2mDAB_insufficient_repeat_dates,20110322,1,,,20110322:2.350,-118.57677039299995,39.28981970900003,364020.0000301888,4350124.000093002
2733,2733,1,"EPSG:4269:-118.576018936000,39.294055680000",SW026,Salt Wells,2.6,positive_2mDAB_insufficient_repeat_dates,20110520,1,,,20110520:1.200,-118.57601893599997,39.29405568000004,364093.00000855257,4350593.00014439
2693,2693,1,"EPSG:4269:-118.575149690000,39.285796058000",SW006,Salt Wells,1.9,positive_2mDAB_insufficient_repeat_dates,20110322,1,,,20110322:1.750,-118.57514968999999,39.285796058000074,364151.99999857775,4349675.000093161
2698,2698,1,"EPSG:4269:-118.575132836000,39.312980097000",SW011,Salt Wells,36.2,positive_2mDAB_insufficient_repeat_dates,20110323,1,,,20110323:30.300,-118.57513283599997,39.312980097000036,364206.00004224444,4352692.000159785
1699,1699,1,"EPSG:4269:-118.574308730000,38.446403237000",HA087,Hawthorne,1.0,positive_2mDAB_insufficient_repeat_dates,20090916,1,,,20090916:1.000,-118.57430872999998,38.44640323700003,362617.99999982666,4256520.000107241
2732,2732,1,"EPSG:4269:-118.574230441000,39.289791014000",SW025,Salt Wells,2.5,positive_2mDAB_insufficient_repeat_dates,20110520,1,,,20110520:1.100,-118.57423044099994,39.28979101400006,364239.0000192613,4350117.000059939
2648,2648,1,"EPSG:4269:-118.574159005000,39.182407179000",DF017,Diamond Field Jack Wash,0.2,positive_2mDAB_insufficient_repeat_dates,20110118,1,,,20110118:0.300,-118.57415900499996,39.18240717900005,364037.9999591508,4338199.00015079
2711,2711,1,"EPSG:4269:-118.573195070000,39.292228763000",SW048,Salt Wells,7.8,persistent_repeat_residual,20110322;20110520,2,7.925000000000001,1.0,20110322:7.650;20110520:8.200,-118.57319506999994,39.292228763000026,364332.9999826624,4350386.000164863
2749,2749,1,"EPSG:4269:-118.572629445000,39.301670104000",SW043,Salt Wells,11.6,positive_2mDAB_insufficient_repeat_dates,20110521,1,,,20110521:11.000,-118.57262944499996,39.30167010400004,364400.00002865115,4351433.0001516435
1616,1616,1,"EPSG:4269:-118.572074068000,38.523426484000",HA004,Hawthorne,0.4,positive_2mDAB_insufficient_repeat_dates,20090811,1,,,20090811:0.550,-118.57207406799995,38.52342648400003,362958.999962872,4265064.00013812
2731,2731,1,"EPSG:4269:-118.571201289000,39.287588392000",SW024,Salt Wells,3.3,positive_2mDAB_insufficient_repeat_dates,20110520,1,,,20110520:1.900,-118.57120128899999,39.28758839200003,364495.999963598,4349868.000067798
1823,1823,1,"EPSG:4269:-118.568855685000,38.558505606000",HA156,Hawthorne,0.6,positive_2mDAB_insufficient_repeat_dates,20091112,1,,,20091112:0.500,-118.56885568499996,38.55850560600004,363306.0000217403,4268952.000096925
2727,2727,1,"EPSG:4269:-118.568064086000,39.289369669000",SW019,Salt Wells,4.3,positive_2mDAB_insufficient_repeat_dates,20110520,1,,,20110520:2.900,-118.56806408599999,39.28936966900005,364770.00000543107,4350061.000107478
2748,2748,1,"EPSG:4269:-118.567641242000,39.300043471000",SW042,Salt Wells,2.2,positive_2mDAB_insufficient_repeat_dates,20110521,1,,,20110521:1.600,-118.56764124199998,39.30004347100004,364827.00000068836,4351245.000101604
2730,2730,1,"EPSG:4269:-118.567248385000,39.286587481000",SW022,Salt Wells,2.9,positive_2mDAB_insufficient_repeat_dates,20110520,1,,,20110520:1.500,-118.56724838499997,39.286587481000026,364834.99996825156,4349751.000100253
1680,1680,1,"EPSG:4269:-118.566466771000,38.456276759000",HA068,Hawthorne,0.3,positive_2mDAB_insufficient_repeat_dates,20090914,1,,,20090914:0.300,-118.56646677099997,38.45627675900005,363320.99996840634,4257604.000128747
2728,2728,1,"EPSG:4269:-118.566217580000,39.288718760000",SW020,Salt Wells,5.8,positive_2mDAB_insufficient_repeat_dates,20110520,1,,,20110520:4.400,-118.56621757999994,39.28871876000005,364928.0000160644,4349986.000095351
2747,2747,1,"EPSG:4269:-118.564706999000,39.305759388000",SW041,Salt Wells,5.0,positive_2mDAB_insufficient_repeat_dates,20110521,1,,,20110521:4.400,-118.56470699899995,39.30575938800007,365090.9999979357,4351875.000083082
1628,1628,1,"EPSG:4269:-118.564294538000,38.506895749000",HA016,Hawthorne,0.4,positive_2mDAB_insufficient_repeat_dates,20090812,1,,,20090812:0.500,-118.56429453799996,38.50689574900008,363606.00003777957,4263218.000125099
2710,2710,1,"EPSG:4269:-118.563434245000,39.292342249000",SW047,Salt Wells,2.8,positive_2mDAB_insufficient_repeat_dates,20110322,1,,,20110322:2.650,-118.56343424499994,39.29234224900006,365175.0000310235,4350384.000113927
2641,2641,1,"EPSG:4269:-118.562911388000,39.179522119000",DF010,Diamond Field Jack Wash,0.9,positive_2mDAB_insufficient_repeat_dates,20110114,1,,,20110114:0.900,-118.56291138799997,39.17952211900007,365004.00003785884,4337862.000058788
1827,1827,1,"EPSG:4269:-118.561502775000,38.587827470000",HA160,Hawthorne,0.6,positive_2mDAB_insufficient_repeat_dates,20091112,1,,,20091112:0.500,-118.56150277499995,38.587827470000036,364002.00004436844,4272195.00015378
1826,1826,1,"EPSG:4269:-118.561117210000,38.567899710000",HA159,Hawthorne,0.4,positive_2mDAB_insufficient_repeat_dates,20091112,1,,,20091112:0.300,-118.56111720999996,38.56789971000006,363998.00000589376,4269983.000067938
1668,1668,1,"EPSG:4269:-118.561094548000,38.493069959000",HA056,Hawthorne,0.5,positive_2mDAB_insufficient_repeat_dates,20090814,1,,,20090814:0.800,-118.56109454799997,38.493069959000024,363858.99996594514,4261679.000075835
1675,1675,1,"EPSG:4269:-118.559447925000,38.477853635000",HA063,Hawthorne,0.1,positive_2mDAB_insufficient_repeat_dates,20090814,1,,,20090814:0.300,-118.55944792499997,38.47785363500003,363974.00001578056,4259988.00008447
2634,2634,1,"EPSG:4269:-118.556053091000,39.174054508000",DF003,Diamond Field Jack Wash,1.1,positive_2mDAB_insufficient_repeat_dates,20110114,1,,,20110114:1.100,-118.55605309099997,39.17405450800004,365585.999957956,4337245.000119892
1673,1673,1,"EPSG:4269:-118.552823809000,38.485421118000",HA061,Hawthorne,0.1,positive_2mDAB_insufficient_repeat_dates,20090814,1,,,20090814:0.300,-118.55282380899996,38.48542111800003,364566.00003759994,4260818.000146501
1637,1637,1,"EPSG:4269:-118.549725617000,38.495464806000",HA025,Hawthorne,0.7,positive_2mDAB_insufficient_repeat_dates,20090812,1,,,20090812:0.900,-118.54972561699998,38.49546480600003,364854.99996251066,4261928.000088915
1618,1618,1,"EPSG:4269:-118.549196421000,38.520000759000",HA006,Hawthorne,1.0,positive_2mDAB_insufficient_repeat_dates,20090811,1,,,20090811:1.250,-118.54919642099998,38.52000075900003,364947.000035741,4264650.000156205
1674,1674,1,"EPSG:4269:-118.548495615000,38.479251547000",HA062,Hawthorne,1.5,positive_2mDAB_insufficient_repeat_dates,20090814,1,,,20090814:1.700,-118.54849561499998,38.47925154700005,364931.9999583148,4260127.000162504
2640,2640,1,"EPSG:4269:-118.543959802000,39.163105547000",DF009,Diamond Field Jack Wash,0.8,positive_2mDAB_insufficient_repeat_dates,20110114,1,,,20110114:0.800,-118.54395980199996,39.16310554700004,366609.99995761097,4336012.000091655
1817,1817,1,"EPSG:4269:-118.543734354000,38.537077317000",HA150,Hawthorne,0.1,positive_2mDAB_insufficient_repeat_dates,20091112,1,,,20091112:-0.100,-118.54373435399998,38.53707731700007,365455.000013081,4266537.000064767
2639,2639,1,"EPSG:4269:-118.540489709000,39.158430008000",DF008,Diamond Field Jack Wash,0.1,positive_2mDAB_insufficient_repeat_dates,20110114,1,,,20110114:0.100,-118.54048970899998,39.15843000800004,366901.0000155178,4335488.000060623
1620,1620,1,"EPSG:4269:-118.537628548000,38.523505485000",HA008,Hawthorne,0.6,positive_2mDAB_insufficient_repeat_dates,20090811,1,,,20090811:0.850,-118.53762854799999,38.523505485000044,365962.00000094244,4265022.000075366
1626,1626,1,"EPSG:4269:-118.537513292000,38.511080323000",HA014,Hawthorne,1.1,positive_2mDAB_insufficient_repeat_dates,20090812,1,,,20090812:1.300,-118.53751329199997,38.511080323000044,365948.9999658801,4263643.000135789
1648,1648,1,"EPSG:4269:-118.537350785000,38.487256331000",HA036,Hawthorne,1.3,positive_2mDAB_insufficient_repeat_dates,20090813,1,,,20090813:1.650,-118.53735078499994,38.487256331000026,365919.00001333427,4260999.000107145
1633,1633,1,"EPSG:4269:-118.537121859000,38.502380466000",HA021,Hawthorne,0.1,positive_2mDAB_insufficient_repeat_dates,20090812,1,,,20090812:0.300,-118.53712185899997,38.502380466000034,365966.99999698205,4262677.000110292
2638,2638,1,"EPSG:4269:-118.535552912000,39.154404430000",DF007,Diamond Field Jack Wash,0.1,positive_2mDAB_insufficient_repeat_dates,20110114,1,,,20110114:0.100,-118.53555291199996,39.154404430000056,367320.00001523446,4335034.000132035
1660,1660,1,"EPSG:4269:-118.535426848000,38.472773181000",HA048,Hawthorne,0.1,positive_2mDAB_insufficient_repeat_dates,20090813,1,,,20090813:0.550,-118.53542684799999,38.472773181000036,366060.0000321606,4259389.000106691
1625,1625,1,"EPSG:4269:-118.533254707000,38.515777027000",HA013,Hawthorne,0.5,positive_2mDAB_insufficient_repeat_dates,20090812,1,,,20090812:0.600,-118.53325470699997,38.51577702700007,366328.99999909045,4264158.000075322
1621,1621,1,"EPSG:4269:-118.532353903000,38.532793262000",HA009,Hawthorne,1.0,positive_2mDAB_insufficient_repeat_dates,20090811,1,,,20090811:1.150,-118.53235390299994,38.53279326200004,366439.00003408303,4266045.000094892
1634,1634,1,"EPSG:4269:-118.530775934000,38.507050399000",HA022,Hawthorne,1.2,positive_2mDAB_insufficient_repeat_dates,20090812,1,,,20090812:1.300,-118.53077593399996,38.507050399000036,366528.9999818626,4263186.000141263
1685,1685,1,"EPSG:4269:-118.530404819000,38.462953356000",HA073,Hawthorne,1.2,positive_2mDAB_insufficient_repeat_dates,20090914,1,,,20090914:1.300,-118.53040481899995,38.46295335600007,366479.99995717197,4258292.000098694
1649,1649,1,"EPSG:4269:-118.528939286000,38.491241363000",HA037,Hawthorne,1.4,positive_2mDAB_insufficient_repeat_dates,20090813,1,,,20090813:1.850,-118.52893928599997,38.49124136300003,366659.99997927167,4261429.000126991
1642,1642,1,"EPSG:4269:-118.527916645000,38.467248257000",HA030,Hawthorne,0.1,positive_2mDAB_insufficient_repeat_dates,20090812,1,,,20090812:0.300,-118.52791664499995,38.46724825700005,366705.00000101555,4258765.000129146
1665,1665,1,"EPSG:4269:-118.526752751000,38.525071619000",HA053,Hawthorne,1.2,positive_2mDAB_insufficient_repeat_dates,20090814,1,,,20090814:1.400,-118.52675275099995,38.52507161900007,366913.0000350862,4265180.000101756
1818,1818,1,"EPSG:4269:-118.526146863000,38.544715258000",HA151,Hawthorne,0.6,positive_2mDAB_insufficient_repeat_dates,20091112,1,,,20091112:0.500,-118.52614686299995,38.54471525800005,367001.99997448956,4267359.000090821
1650,1650,1,"EPSG:4269:-118.526138865000,38.486763172000",HA038,Hawthorne,1.1,positive_2mDAB_insufficient_repeat_dates,20090813,1,,,20090813:1.450,-118.52613886499995,38.48676317200005,366896.0000243569,4260928.000132276
2279,2279,1,"EPSG:4269:-118.525368815000,38.545905885000",HA193,Hawthorne,0.2,positive_2mDAB_insufficient_repeat_dates,20100315,1,,,20100315:-0.300,-118.52536881499998,38.545905885000025,367071.9999862319,4267490.000078689
1661,1661,1,"EPSG:4269:-118.524881533000,38.476064959000",HA049,Hawthorne,0.5,positive_2mDAB_insufficient_repeat_dates,20090813,1,,,20090813:0.850,-118.52488153299998,38.47606495900004,366986.00004027784,4259739.0001313705
2280,2280,1,"EPSG:4269:-118.524017614000,38.548212366000",HA194,Hawthorne,0.3,positive_2mDAB_insufficient_repeat_dates,20100315,1,,,20100315:-0.200,-118.52401761399994,38.54821236600003,367193.99997882004,4267744.000156001
1624,1624,1,"EPSG:4269:-118.523770851000,38.519117905000",HA012,Hawthorne,1.7,positive_2mDAB_insufficient_repeat_dates,20090812,1,,,20090812:1.900,-118.523770851,38.51911790500003,367162.00003220397,4264515.00010553
1622,1622,1,"EPSG:4269:-118.523460763000,38.533242755000",HA010,Hawthorne,0.2,positive_2mDAB_insufficient_repeat_dates,20090811,1,,,20090811:0.450,-118.52346076299995,38.53324275500006,367214.9999898523,4266082.000124079
2281,2281,1,"EPSG:4269:-118.522699414000,38.550455321000",HA195,Hawthorne,0.7,positive_2mDAB_insufficient_repeat_dates,20100315,1,,,20100315:0.300,-118.52269941399999,38.55045532100007,367313.00002091134,4267991.000061855
1821,1821,1,"EPSG:4269:-118.522012132000,38.574452388000",HA154,Hawthorne,0.2,positive_2mDAB_insufficient_repeat_dates,20091112,1,,,20091112:0.100,-118.52201213199999,38.574452388000054,367416.99997681554,4270653.000066234
2172,2172,1,"EPSG:4269:-118.521210677000,38.553322261000",HA169,Hawthorne,0.9,positive_2mDAB_insufficient_repeat_dates,20100226,1,,,20100226:0.700,-118.52121067699994,38.55332226100006,367447.99997577135,4268307.000142724
2688,2688,1,"EPSG:4269:-118.521006254000,39.270360634000",SW001,Salt Wells,0.7,positive_2mDAB_insufficient_repeat_dates,20110322,1,,,20110322:0.550,-118.52100625399999,39.27036063400004,368792.99999499193,4347882.000127204
2282,2282,1,"EPSG:4269:-118.520177124000,38.554921683000",HA196,Hawthorne,1.3,positive_2mDAB_insufficient_repeat_dates,20100315,1,,,20100315:0.900,-118.52017712399999,38.55492168300003,367540.9999817795,4268483.000072406
2286,2286,1,"EPSG:4269:-118.519316466000,38.545110500000",HA200,Hawthorne,0.5,positive_2mDAB_insufficient_repeat_dates,20100315,1,,,20100315:0.100,-118.51931646599996,38.54511050000008,367598.0000389024,4267393.000124237
2185,2185,1,"EPSG:4269:-118.519058712000,38.542131089000",HA182,Hawthorne,2.5,positive_2mDAB_insufficient_repeat_dates,20100226,1,,,20100226:2.400,-118.51905871199995,38.542131089000065,367615.0000344178,4267062.00009773
2188,2188,1,"EPSG:4269:-118.518630819000,38.547426302000",HA185,Hawthorne,3.3,positive_2mDAB_insufficient_repeat_dates,20100226,1,,,20100226:3.100,-118.51863081899995,38.547426302000076,367661.99998342455,4267649.000165034
1651,1651,1,"EPSG:4269:-118.518444580000,38.483429835000",HA039,Hawthorne,0.9,positive_2mDAB_insufficient_repeat_dates,20090813,1,,,20090813:1.250,-118.51844458,38.48342983500004,367561.00004114327,4260547.000055978
1662,1662,1,"EPSG:4269:-118.517743327000,38.478419554000",HA050,Hawthorne,1.0,positive_2mDAB_insufficient_repeat_dates,20090813,1,,,20090813:1.350,-118.51774332699995,38.47841955400003,367612.99999497854,4259990.000067565
2285,2285,1,"EPSG:4269:-118.517688306000,38.548988477000",HA199,Hawthorne,0.5,positive_2mDAB_insufficient_repeat_dates,20100315,1,,,20100315:0.100,-118.51768830599997,38.54898847700008,367746.9999754338,4267821.000125051
2699,2699,1,"EPSG:4269:-118.517418116000,39.275444213000",SW012,Salt Wells,0.1,positive_2mDAB_insufficient_repeat_dates,20110322,1,,,20110322:-0.150,-118.51741811599999,39.27544421300007,369111.99996067234,4348441.000163855
2283,2283,1,"EPSG:4269:-118.515917814000,38.551561630000",HA197,Hawthorne,1.6,positive_2mDAB_insufficient_repeat_dates,20100315,1,,,20100315:1.200,-118.51591781399998,38.55156163000004,367906.0000250541,4268104.0001575835
2287,2287,1,"EPSG:4269:-118.515679251000,38.546211981000",HA201,Hawthorne,4.6,positive_2mDAB_insufficient_repeat_dates,20100315,1,,,20100315:4.200,-118.515679251,38.546211981000056,367917.00003219955,4267510.000091596
2288,2288,1,"EPSG:4269:-118.515660140000,38.543662017000",HA202,Hawthorne,4.6,positive_2mDAB_insufficient_repeat_dates,20100315,1,,,20100315:4.200,-118.51566013999997,38.54366201700003,367913.99998578837,4267227.0001227865
2289,2289,1,"EPSG:4269:-118.514683544000,38.541412808000",HA203,Hawthorne,1.0,positive_2mDAB_insufficient_repeat_dates,20100315,1,,,20100315:0.600,-118.51468354399998,38.541412808000075,367994.9999668545,4266976.000060908
2284,2284,1,"EPSG:4269:-118.514352065000,38.554600696000",HA198,Hawthorne,0.8,positive_2mDAB_insufficient_repeat_dates,20100315,1,,,20100315:0.400,-118.51435206499997,38.55460069600008,368048.00001787837,4268439.000105182
2292,2292,1,"EPSG:4269:-118.513688708000,38.548688826000",HA206,Hawthorne,2.8,positive_2mDAB_insufficient_repeat_dates,20100315,1,,,20100315:2.400,-118.51368870799996,38.548688826000046,368094.999999056,4267782.000138677
2176,2176,1,"EPSG:4269:-118.513299410000,38.544350389000",HA173,Hawthorne,6.8,positive_2mDAB_insufficient_repeat_dates,20100226,1,,,20100226:6.700,-118.51329940999995,38.544350389000044,368121.00002109754,4267300.000071046
2294,2294,1,"EPSG:4269:-118.512013202000,38.545394305000",HA208,Hawthorne,7.9,positive_2mDAB_insufficient_repeat_dates,20100315,1,,,20100315:7.600,-118.51201320199999,38.54539430500006,368235.00004278246,4267414.000125187
2290,2290,1,"EPSG:4269:-118.511631077000,38.542488573000",HA204,Hawthorne,1.9,positive_2mDAB_insufficient_repeat_dates,20100315,1,,,20100315:1.500,-118.51163107699995,38.54248857300007,368262.9999990468,4267091.000120935
2291,2291,1,"EPSG:4269:-118.511117744000,38.546469208000",HA205,Hawthorne,8.4,positive_2mDAB_insufficient_repeat_dates,20100315,1,,,20100315:8.000,-118.51111774399999,38.546469208000076,368315.0000227011,4267532.0001223385
1638,1638,1,"EPSG:4269:-118.510811385000,38.490674627000",HA026,Hawthorne,0.8,positive_2mDAB_insufficient_repeat_dates,20090812,1,,,20090812:0.900,-118.51081138499995,38.49067462700003,368240.0000318787,4261340.000060098
2175,2175,1,"EPSG:4269:-118.510599808000,38.549683934000",HA172,Hawthorne,4.9,positive_2mDAB_insufficient_repeat_dates,20100226,1,,,20100226:4.800,-118.51059980799994,38.54968393400003,368366.00004346966,4267888.000166259
1819,1819,1,"EPSG:4269:-118.510565769000,38.549702395000",HA152,Hawthorne,4.6,positive_2mDAB_insufficient_repeat_dates,20091112,1,,,20091112:4.500,-118.51056576899998,38.549702395000054,368369.00003164785,4267890.000056825
2295,2295,1,"EPSG:4269:-118.510095221000,38.545310928000",HA209,Hawthorne,8.2,positive_2mDAB_insufficient_repeat_dates,20100315,1,,,20100315:7.800,-118.51009522099997,38.54531092800005,368402.00002115255,4267402.000094534
2190,2190,1,"EPSG:4269:-118.509827632000,38.540745622000",HA187,Hawthorne,0.4,positive_2mDAB_insufficient_repeat_dates,20100226,1,,,20100226:0.300,-118.50982763199994,38.54074562200003,368417.0000011353,4266895.0001183
2293,2293,1,"EPSG:4269:-118.507699796000,38.547639702000",HA207,Hawthorne,5.2,positive_2mDAB_insufficient_repeat_dates,20100315,1,,,20100315:4.800,-118.50769979599994,38.547639702000026,368615.0000140562,4267657.000089249
2184,2184,1,"EPSG:4269:-118.507206932000,38.555359763000",HA181,Hawthorne,1.0,positive_2mDAB_insufficient_repeat_dates,20100226,1,,,20100226:0.900,-118.50720693199997,38.55535976300007,368671.9999846552,4268513.00011437
2186,2186,1,"EPSG:4269:-118.505628116000,38.547341960000",HA183,Hawthorne,4.4,positive_2mDAB_insufficient_repeat_dates,20100226,1,,,20100226:4.300,-118.50562811599997,38.54734196000004,368794.9999577661,4267621.000132379
2174,2174,1,"EPSG:4269:-118.504701156000,38.561222341000",HA171,Hawthorne,0.7,positive_2mDAB_insufficient_repeat_dates,20100226,1,,,20100226:0.600,-118.50470115599995,38.561222341000075,368901.0000040533,4269160.0001468845
2187,2187,1,"EPSG:4269:-118.503150827000,38.554015166000",HA184,Hawthorne,1.1,positive_2mDAB_insufficient_repeat_dates,20100226,1,,,20100226:1.000,-118.50315082699996,38.554015166000056,369022.9999786217,4268358.000159168
2177,2177,1,"EPSG:4269:-118.499637613000,38.551176598000",HA174,Hawthorne,1.5,positive_2mDAB_insufficient_repeat_dates,20100226,1,,,20100226:1.400,-118.49963761299995,38.55117659800004,369324.00002187525,4268038.000079049
2304,2304,1,"EPSG:4269:-118.489032126000,38.547175779000",HA218,Hawthorne,0.2,positive_2mDAB_insufficient_repeat_dates,20100315,1,,,20100315:-0.300,-118.48903212599998,38.54717577900004,370241.00002813386,4267579.000089093
3354,3354,1,"EPSG:4269:-118.447815664000,40.046793823000",HT16170,HumboldtTufa,0.24,positive_2mDAB_insufficient_repeat_dates,20160902,1,,,20160902:0.300,-118.44781566399996,40.04679382300003,376496.9999846821,4433955.0001353305
3353,3353,1,"EPSG:4269:-118.441082231000,40.051022028000",HT16169,HumboldtTufa,2.44,positive_2mDAB_insufficient_repeat_dates,20160902,1,,,20160902:2.500,-118.44108223099994,40.051022028000034,377078.99996207724,4434415.00015184
3349,3349,1,"EPSG:4269:-118.421447321000,40.073093976000",HT16165,HumboldtTufa,0.54,positive_2mDAB_insufficient_repeat_dates,20160902,1,,,20160902:0.600,-118.42144732099996,40.07309397600005,378793.0000284957,4436838.0001249295
3348,3348,1,"EPSG:4269:-118.416938987000,40.079068265000",HT16164,HumboldtTufa,0.54,positive_2mDAB_insufficient_repeat_dates,20160902,1,,,20160902:0.600,-118.41693898699998,40.079068265000046,379188.000040138,4437495.000167683
3319,3319,1,"EPSG:4269:-118.414934202000,40.191139223000",HT16137,HumboldtTufa,0.84,positive_2mDAB_insufficient_repeat_dates,20160901,1,,,20160901:0.800,-118.41493420199998,40.19113922300005,379556.99997899635,4449932.000169557
1567,1567,1,"EPSG:4269:-118.407575433000,37.935853068000",QV013,Queen Valley,1.6,positive_2mDAB_insufficient_repeat_dates,20090623,1,,,20090623:1.400,-118.40757543299998,37.93585306800003,376308.00003519375,4199632.000086999
3326,3326,1,"EPSG:4269:-118.405964390000,40.156680721000",HT16142,HumboldtTufa,0.34,positive_2mDAB_insufficient_repeat_dates,20160901,1,,,20160901:0.300,-118.40596438999995,40.15668072100004,380259.99997829867,4446095.000116646
3327,3327,1,"EPSG:4269:-118.401498739000,40.150779851000",HT16143,HumboldtTufa,2.54,positive_2mDAB_insufficient_repeat_dates,20160901,1,,,20160901:2.500,-118.40149873899998,40.15077985100004,380629.9999811022,4445434.000168218
3328,3328,1,"EPSG:4269:-118.396925290000,40.144735953000",HT16144,HumboldtTufa,0.64,positive_2mDAB_insufficient_repeat_dates,20160901,1,,,20160901:0.600,-118.39692528999996,40.144735953000065,381009.00000525697,4444757.000116151
3341,3341,1,"EPSG:4269:-118.395739450000,40.194597516000",HT16157,HumboldtTufa,1.44,positive_2mDAB_insufficient_repeat_dates,20160901,1,,,20160901:1.400,-118.39573944999995,40.194597516000044,381196.99997294875,4450290.000157021
3340,3340,1,"EPSG:4269:-118.394716843000,40.187690890000",HT16156,HumboldtTufa,1.44,positive_2mDAB_insufficient_repeat_dates,20160901,1,,,20160901:1.400,-118.39471684299997,40.187690890000056,381271.99997046345,4449522.000133283
3329,3329,1,"EPSG:4269:-118.394250083000,40.140209583000",HT16145,HumboldtTufa,1.14,positive_2mDAB_insufficient_repeat_dates,20160901,1,,,20160901:1.100,-118.39425008299997,40.14020958300006,381228.9999862042,4444251.000139855
3343,3343,1,"EPSG:4269:-118.393940952000,40.108420009000",HT16159,HumboldtTufa,3.84,positive_2mDAB_insufficient_repeat_dates,20160902,1,,,20160902:3.900,-118.39394095199998,40.10842000900004,381199.99999030493,4440722.000128936
3333,3333,1,"EPSG:4269:-118.392943198000,40.168171567000",HT16149,HumboldtTufa,0.54,positive_2mDAB_insufficient_repeat_dates,20160901,1,,,20160901:0.500,-118.39294319799995,40.16817156700006,381389.00000012113,4447353.000084163
3342,3342,1,"EPSG:4269:-118.390852010000,40.114601405000",HT16158,HumboldtTufa,1.74,positive_2mDAB_insufficient_repeat_dates,20160902,1,,,20160902:1.800,-118.39085200999995,40.11460140500003,381473.9999831284,4441404.000068194
3338,3338,1,"EPSG:4269:-118.389208706000,40.172198460000",HT16154,HumboldtTufa,0.24,positive_2mDAB_insufficient_repeat_dates,20160901,1,,,20160901:0.150,-118.38920870599998,40.17219846000006,381713.9999608184,4447795.000122565
3334,3334,1,"EPSG:4269:-118.379539722000,40.157521147000",HT16150,HumboldtTufa,0.44,positive_2mDAB_insufficient_repeat_dates,20160901,1,,,20160901:0.400,-118.37953972199995,40.15752114700007,382512.00000332,4446153.000105746
1565,1565,1,"EPSG:4269:-118.374838818000,37.956067337000",QV011,Queen Valley,1.5,positive_2mDAB_insufficient_repeat_dates,20090623,1,,,20090623:1.300,-118.37483881799994,37.956067337000036,379217.99999961443,4201832.000074705
1564,1564,1,"EPSG:4269:-118.361940253000,37.959633064000",QV010,Queen Valley,1.5,positive_2mDAB_insufficient_repeat_dates,20090623,1,,,20090623:1.300,-118.36194025299994,37.95963306400006,380357.0000396791,4202211.000161521
637,637,1,"EPSG:4269:-118.355956751000,38.834549583000",DH017,Dead Horse Wells,0.4,positive_2mDAB_insufficient_repeat_dates,20081103,1,,,20081103:-2.100,-118.35595675099995,38.83454958300007,382309.9999729236,4299290.000074157
2386,2386,1,"EPSG:4269:-118.353387649000,39.623961623000",BV  1,Buena Vista Valley,0.9,positive_2mDAB_insufficient_repeat_dates,20100429,1,,,20100429:0.150,-118.35338764899996,39.62396162300007,383842.0000165979,4386897.000127992
2387,2387,1,"EPSG:4269:-118.350704097000,39.630353857000",BV  2,Buena Vista Valley,1.0,positive_2mDAB_insufficient_repeat_dates,20100429,1,,,20100429:0.250,-118.35070409699995,39.630353857000046,384082.99998261954,4387603.000082891
1563,1563,1,"EPSG:4269:-118.350618842000,37.958637061000",QV009,Queen Valley,0.7,positive_2mDAB_insufficient_repeat_dates,20090623,1,,,20090623:0.500,-118.35061884199996,37.95863706100005,381350.0000446673,4202086.000129894
636,636,1,"EPSG:4269:-118.346391704000,38.835020679000",DH016,Dead Horse Wells,1.1,positive_2mDAB_insufficient_repeat_dates,20081103,1,,,20081103:-1.400,-118.34639170399998,38.835020679000024,383140.9999777713,4299330.0000709435
1562,1562,1,"EPSG:4269:-118.346052530000,37.949181365000",QV008,Queen Valley,0.5,positive_2mDAB_insufficient_repeat_dates,20090623,1,,,20090623:0.200,-118.34605252999995,37.94918136500007,381735.99996884546,4201031.000165358
2388,2388,1,"EPSG:4269:-118.343837770000,39.633794200000",BV  3,Buena Vista Valley,0.5,positive_2mDAB_insufficient_repeat_dates,20100429,1,,,20100429:-0.300,-118.34383777,39.63379420000007,384678.00000468735,4387976.000152245
2389,2389,1,"EPSG:4269:-118.340624853000,39.639390440000",BV  4,Buena Vista Valley,0.9,positive_2mDAB_insufficient_repeat_dates,20100429,1,,,20100429:0.150,-118.34062485299995,39.63939044000006,384962.99996846,4388593.000064538
681,681,1,"EPSG:4269:-118.338065944000,38.840153551000",DH061,Dead Horse Wells,6.1,positive_2mDAB_insufficient_repeat_dates,20081103,1,,,20081103:3.800,-118.338065944,38.84015355100007,383871.9999896197,4299889.000125027
677,677,1,"EPSG:4269:-118.337806687000,38.828153758000",DH057,Dead Horse Wells,2.1,positive_2mDAB_insufficient_repeat_dates,20081103,1,,,20081103:-0.400,-118.33780668699995,38.82815375800004,383875.0000340716,4298557.000161227
680,680,1,"EPSG:4269:-118.337768147000,38.837787049000",DH060,Dead Horse Wells,5.4,positive_2mDAB_insufficient_repeat_dates,20081103,1,,,20081103:3.100,-118.33776814699996,38.83778704900004,383894.0000272521,4299626.000095978
676,676,1,"EPSG:4269:-118.337596807000,38.830481023000",DH056,Dead Horse Wells,3.9,positive_2mDAB_insufficient_repeat_dates,20081103,1,,,20081103:1.600,-118.33759680699995,38.83048102300006,383896.9999782112,4298815.000152829
678,678,1,"EPSG:4269:-118.337464747000,38.825886878000",DH058,Dead Horse Wells,1.3,positive_2mDAB_insufficient_repeat_dates,20081103,1,,,20081103:-1.200,-118.33746474699996,38.82588687800006,383900.99999691354,4298305.000146069
679,679,1,"EPSG:4269:-118.337251181000,38.835405033000",DH059,Dead Horse Wells,8.8,positive_2mDAB_insufficient_repeat_dates,20081103,1,,,20081103:6.500,-118.33725118099994,38.83540503300003,383935.0000074335,4299361.0001136325
682,682,1,"EPSG:4269:-118.337023756000,38.842337155000",DH062,Dead Horse Wells,7.8,positive_2mDAB_insufficient_repeat_dates,20081103,1,,,20081103:5.500,-118.33702375599995,38.84233715500005,383966.00000394566,4300130.000109262
635,635,1,"EPSG:4269:-118.336826061000,38.833003940000",DH015,Dead Horse Wells,6.3,positive_2mDAB_insufficient_repeat_dates,20081103,1,,,20081103:4.000,-118.33682606099995,38.833003940000026,383967.99996739504,4299094.000107011
683,683,1,"EPSG:4269:-118.336753637000,38.845142690000",DH063,Dead Horse Wells,7.5,positive_2mDAB_insufficient_repeat_dates,20081103,1,,,20081103:5.200,-118.33675363699996,38.845142690000046,383993.9999999434,4300441.0001237
2390,2390,1,"EPSG:4269:-118.336380864000,39.644728162000",BV  5,Buena Vista Valley,0.9,positive_2mDAB_insufficient_repeat_dates,20100429,1,,,20100429:0.150,-118.33638086399998,39.644728162000035,385336.00004344265,4389180.00010359
684,684,1,"EPSG:4269:-118.335303909000,38.847105665000",DH064,Dead Horse Wells,4.8,positive_2mDAB_insufficient_repeat_dates,20081103,1,,,20081103:2.500,-118.33530390899995,38.84710566500007,384122.999991114,4300657.000114687
622,622,1,"EPSG:4269:-118.333538073000,38.848189147000",DH002,Dead Horse Wells,1.4,positive_2mDAB_insufficient_repeat_dates,20081103,1,,,20081103:-1.100,-118.33353807299994,38.84818914700003,384278.0000103653,4300775.0000628885
2391,2391,1,"EPSG:4269:-118.332185262000,39.650191311000",BV  6,Buena Vista Valley,0.7,positive_2mDAB_insufficient_repeat_dates,20100429,1,,,20100429:-0.100,-118.33218526199994,39.65019131100007,385705.00002617587,4389781.000134127
685,685,1,"EPSG:4269:-118.329790247000,38.831327093000",DH065,Dead Horse Wells,4.7,positive_2mDAB_insufficient_repeat_dates,20081103,1,,,20081103:2.400,-118.32979024699995,38.83132709300003,384576.0000319348,4298899.000109312
686,686,1,"EPSG:4269:-118.329461945000,38.834115258000",DH066,Dead Horse Wells,7.4,positive_2mDAB_insufficient_repeat_dates,20081103,1,,,20081103:5.200,-118.32946194499999,38.834115258000054,384609.0000197191,4299208.000135225
687,687,1,"EPSG:4269:-118.329216432000,38.837019622000",DH067,Dead Horse Wells,10.2,positive_2mDAB_insufficient_repeat_dates,20081103,1,,,20081103:7.900,-118.32921643199995,38.83701962200007,384635.0000019866,4299530.000057356
2392,2392,1,"EPSG:4269:-118.329198306000,39.656108993000",BV  7,Buena Vista Valley,0.7,positive_2mDAB_insufficient_repeat_dates,20100429,1,,,20100429:-0.100,-118.32919830599997,39.65610899300003,385971.00000607927,4390434.0001291735
688,688,1,"EPSG:4269:-118.328992265000,38.839833632000",DH068,Dead Horse Wells,12.3,positive_2mDAB_insufficient_repeat_dates,20081103,1,,,20081103:10.000,-118.32899226499995,38.83983363200008,384659.0000079607,4299842.00014331
689,689,1,"EPSG:4269:-118.328945910000,38.842915949000",DH069,Dead Horse Wells,10.2,positive_2mDAB_insufficient_repeat_dates,20081103,1,,,20081103:7.900,-118.32894590999996,38.84291594900003,384667.9999926153,4300184.000164623
690,690,1,"EPSG:4269:-118.328460104000,38.845913153000",DH070,Dead Horse Wells,8.0,positive_2mDAB_insufficient_repeat_dates,20081103,1,,,20081103:5.700,-118.32846010399999,38.845913153000026,384714.9999701041,4300516.000156389
691,691,1,"EPSG:4269:-118.327951553000,38.848928634000",DH071,Dead Horse Wells,3.4,positive_2mDAB_insufficient_repeat_dates,20081103,1,,,20081103:1.100,-118.32795155299999,38.84892863400006,384764.00004083617,4300850.000087911
2394,2394,1,"EPSG:4269:-118.326638323000,39.669139516000",BV  9,Buena Vista Valley,0.8,positive_2mDAB_insufficient_repeat_dates,20100429,1,,,20100429:0.050,-118.32663832299994,39.66913951600003,386211.9999839016,4391877.000080461
2393,2393,1,"EPSG:4269:-118.326572036000,39.662626137000",BV  8,Buena Vista Valley,0.7,positive_2mDAB_insufficient_repeat_dates,20100429,1,,,20100429:-0.100,-118.32657203599996,39.662626137000075,386206.9999595091,4391154.00012232
2621,2621,1,"EPSG:4269:-118.324200070000,39.247076535000",DV072,Dixie / Fairview Valley,0.1,positive_2mDAB_insufficient_repeat_dates,20110108,1,,,20110108:0.250,-118.32420006999996,39.247076535000076,385732.99999632896,4345031.000160259
2395,2395,1,"EPSG:4269:-118.323148011000,39.675017732000",BV 10,Buena Vista Valley,0.8,positive_2mDAB_insufficient_repeat_dates,20100429,1,,,20100429:0.050,-118.32314801099994,39.67501773200007,386520.99997504463,4392525.000154285
673,673,1,"EPSG:4269:-118.322637016000,38.841960302000",DH053,Dead Horse Wells,15.3,positive_2mDAB_insufficient_repeat_dates,20081103,1,,,20081103:13.000,-118.32263701599999,38.841960302000075,385213.99995952105,4300070.000085584
674,674,1,"EPSG:4269:-118.322479620000,38.839682280000",DH054,Dead Horse Wells,13.2,positive_2mDAB_insufficient_repeat_dates,20081103,1,,,20081103:10.900,-118.32247961999997,38.839682280000034,385224.0000271832,4299817.000126068
675,675,1,"EPSG:4269:-118.322320403000,38.837305155000",DH055,Dead Horse Wells,0.4,positive_2mDAB_insufficient_repeat_dates,20081103,1,,,20081103:-2.100,-118.32232040299999,38.837305155000024,385234.00000016985,4299553.000111398
672,672,1,"EPSG:4269:-118.322227101000,38.844091559000",DH052,Dead Horse Wells,16.1,positive_2mDAB_insufficient_repeat_dates,20081103,1,,,20081103:13.800,-118.32222710099995,38.84409155900005,385252.99996636464,4300306.0000877455
623,623,1,"EPSG:4269:-118.321843038000,38.846375710000",DH003,Dead Horse Wells,13.1,positive_2mDAB_insufficient_repeat_dates,20081103,1,,,20081103:10.800,-118.32184303799994,38.846375710000075,385290.0000425086,4300559.000122217
652,652,1,"EPSG:4269:-118.321425391000,38.848714305000",DH032,Dead Horse Wells,7.7,positive_2mDAB_insufficient_repeat_dates,20081103,1,,,20081103:5.400,-118.32142539099999,38.848714305000044,385330.0000392961,4300818.000101773
653,653,1,"EPSG:4269:-118.320639039000,38.851057068000",DH033,Dead Horse Wells,1.5,positive_2mDAB_insufficient_repeat_dates,20081103,1,,,20081103:-1.000,-118.32063903899996,38.851057068000046,385402.0000132613,4301077.000102454
2396,2396,1,"EPSG:4269:-118.319572083000,39.680716615000",BV 11,Buena Vista Valley,0.7,positive_2mDAB_insufficient_repeat_dates,20100429,1,,,20100429:-0.100,-118.31957208299997,39.68071661500005,386836.9999806568,4393153.000068485
697,697,1,"EPSG:4269:-118.318420840000,38.838890136000",DH077,Dead Horse Wells,4.2,positive_2mDAB_insufficient_repeat_dates,20081103,1,,,20081103:1.900,-118.31842083999999,38.83889013600003,385575.0000037891,4299724.000114064
696,696,1,"EPSG:4269:-118.318199949000,38.841280568000",DH076,Dead Horse Wells,11.5,positive_2mDAB_insufficient_repeat_dates,20081103,1,,,20081103:9.200,-118.31819994899996,38.84128056800006,385598.00003545353,4299989.000092174
695,695,1,"EPSG:4269:-118.317919285000,38.843554530000",DH075,Dead Horse Wells,16.7,positive_2mDAB_insufficient_repeat_dates,20081103,1,,,20081103:14.400,-118.31791928499996,38.84355453000006,385625.9999955379,4300241.000164168
693,693,1,"EPSG:4269:-118.317776979000,38.848332009000",DH073,Dead Horse Wells,10.3,positive_2mDAB_insufficient_repeat_dates,20081103,1,,,20081103:8.000,-118.31777697899997,38.848332009000046,385646.0000102911,4300771.000139903
692,692,1,"EPSG:4269:-118.317697869000,38.845917932000",DH072,Dead Horse Wells,13.3,positive_2mDAB_insufficient_repeat_dates,20081103,1,,,20081103:11.000,-118.31769786899997,38.84591793200008,385648.99999039224,4300503.000130304
694,694,1,"EPSG:4269:-118.317497443000,38.850669032000",DH074,Dead Horse Wells,0.8,positive_2mDAB_insufficient_repeat_dates,20081103,1,,,20081103:-1.700,-118.31749744299998,38.85066903200004,385674.0000309994,4301030.000163973
2397,2397,1,"EPSG:4269:-118.316194291000,39.686440170000",BV 12,Buena Vista Valley,0.8,positive_2mDAB_insufficient_repeat_dates,20100429,1,,,20100429:0.050,-118.31619429099999,39.686440170000026,387135.99998427357,4393784.000070789
654,654,1,"EPSG:4269:-118.314719925000,38.851277042000",DH034,Dead Horse Wells,1.2,positive_2mDAB_insufficient_repeat_dates,20081103,1,,,20081103:-1.300,-118.31471992499996,38.85127704200005,385916.00000307517,4301094.000144655
655,655,1,"EPSG:4269:-118.314364078000,38.848848056000",DH035,Dead Horse Wells,8.2,positive_2mDAB_insufficient_repeat_dates,20081103,1,,,20081103:5.900,-118.31436407799998,38.848848056000065,385943.0000094432,4300824.000118961
657,657,1,"EPSG:4269:-118.314183551000,38.842794638000",DH037,Dead Horse Wells,12.7,positive_2mDAB_insufficient_repeat_dates,20081103,1,,,20081103:10.400,-118.31418355099999,38.84279463800004,385948.9999939412,4300152.000066459
656,656,1,"EPSG:4269:-118.314162168000,38.845390072000",DH036,Dead Horse Wells,14.6,positive_2mDAB_insufficient_repeat_dates,20081103,1,,,20081103:12.300,-118.31416216799994,38.84539007200004,385955.0000145511,4300440.00008663
658,658,1,"EPSG:4269:-118.314047970000,38.840435258000",DH038,Dead Horse Wells,11.4,positive_2mDAB_insufficient_repeat_dates,20081103,1,,,20081103:9.100,-118.31404796999999,38.84043525800007,385957.0000072106,4299890.000109083
659,659,1,"EPSG:4269:-118.313796546000,38.838041135000",DH039,Dead Horse Wells,4.1,positive_2mDAB_insufficient_repeat_dates,20081103,1,,,20081103:1.800,-118.31379654599999,38.838041135000026,385974.999981361,4299624.000082006
2623,2623,1,"EPSG:4269:-118.313776864000,39.226290208000",DV074,Dixie / Fairview Valley,1.5,positive_2mDAB_insufficient_repeat_dates,20110108,1,,,20110108:1.750,-118.31377686399998,39.22629020800008,386599.0000408614,4342711.000106165
660,660,1,"EPSG:4269:-118.313360012000,38.835604037000",DH040,Dead Horse Wells,0.5,positive_2mDAB_insufficient_repeat_dates,20081103,1,,,20081103:-2.000,-118.31336001199998,38.83560403700005,386008.99997965735,4299353.000102607
624,624,1,"EPSG:4269:-118.312893105000,38.845305223000",DH004,Dead Horse Wells,15.6,positive_2mDAB_insufficient_repeat_dates,20081103,1,,,20081103:13.300,-118.31289310499994,38.845305223000025,386065.0000418715,4300429.000071968
2622,2622,1,"EPSG:4269:-118.312195143000,39.210404437000",DV073,Dixie / Fairview Valley,0.5,positive_2mDAB_insufficient_repeat_dates,20110108,1,,,20110108:0.750,-118.31219514299994,39.21040443700008,386710.00003627804,4340946.0001018215
2398,2398,1,"EPSG:4269:-118.311313432000,39.691649030000",BV 13,Buena Vista Valley,0.8,positive_2mDAB_insufficient_repeat_dates,20100429,1,,,20100429:0.050,-118.31131343199996,39.691649030000065,387562.999964684,4394356.000135017
698,698,1,"EPSG:4269:-118.310155176000,38.844921460000",DH078,Dead Horse Wells,15.0,positive_2mDAB_insufficient_repeat_dates,20081103,1,,,20081103:12.700,-118.31015517599997,38.84492146000008,386301.999996917,4300383.000156049
700,700,1,"EPSG:4269:-118.309929318000,38.850826254000",DH080,Dead Horse Wells,10.8,positive_2mDAB_insufficient_repeat_dates,20081103,1,,,20081103:8.500,-118.30992931799994,38.850826254000026,386330.9999765679,4301038.000120736
699,699,1,"EPSG:4269:-118.309480435000,38.847713453000",DH079,Dead Horse Wells,13.7,positive_2mDAB_insufficient_repeat_dates,20081103,1,,,20081103:11.400,-118.30948043499995,38.84771345300004,386365.00004074036,4300692.000103703
2626,2626,1,"EPSG:4269:-118.309303928000,39.195668657000",DV077,Dixie / Fairview Valley,0.3,positive_2mDAB_insufficient_repeat_dates,20110108,1,,,20110108:0.550,-118.30930392799996,39.195668657000056,386936.0000346463,4339307.00009922
667,667,1,"EPSG:4269:-118.308406665000,38.853258292000",DH047,Dead Horse Wells,2.5,positive_2mDAB_insufficient_repeat_dates,20081103,1,,,20081103:0.200,-118.30840666499995,38.85325829200008,386466.99999268976,4301306.000058059
666,666,1,"EPSG:4269:-118.307635430000,38.850788883000",DH046,Dead Horse Wells,8.6,positive_2mDAB_insufficient_repeat_dates,20081103,1,,,20081103:6.300,-118.30763542999995,38.850788883000064,386529.99996888696,4301031.000068185
665,665,1,"EPSG:4269:-118.307034590000,38.848182395000",DH045,Dead Horse Wells,11.7,positive_2mDAB_insufficient_repeat_dates,20081103,1,,,20081103:9.400,-118.30703458999994,38.84818239500004,386577.99999012327,4300741.000143086
2399,2399,1,"EPSG:4269:-118.306901669000,39.697032601000",BV 14,Buena Vista Valley,0.7,positive_2mDAB_insufficient_repeat_dates,20100429,1,,,20100429:-0.100,-118.30690166899996,39.697032601000046,387949.99999715376,4394948.000165576
662,662,1,"EPSG:4269:-118.306662381000,38.838544689000",DH042,Dead Horse Wells,1.8,positive_2mDAB_insufficient_repeat_dates,20081103,1,,,20081103:-0.700,-118.30666238099997,38.83854468900006,386594.9999879147,4299671.000145254
2561,2561,1,"EPSG:4269:-118.306481950000,39.299519330000",DV012,Dixie / Fairview Valley,0.1,positive_2mDAB_insufficient_repeat_dates,20101118,1,,,20101118:0.100,-118.30648194999998,39.29951933000007,387346.0000010981,4350829.000157494
664,664,1,"EPSG:4269:-118.306391011000,38.845756601000",DH044,Dead Horse Wells,15.9,positive_2mDAB_insufficient_repeat_dates,20081103,1,,,20081103:13.600,-118.30639101099996,38.84575660100006,386629.9999600348,4300471.00005849
663,663,1,"EPSG:4269:-118.306233413000,38.840919406000",DH043,Dead Horse Wells,4.4,positive_2mDAB_insufficient_repeat_dates,20081103,1,,,20081103:2.100,-118.30623341299997,38.84091940600007,386635.9999971036,4299934.000074101
668,668,1,"EPSG:4269:-118.305916161000,38.843103640000",DH048,Dead Horse Wells,14.6,positive_2mDAB_insufficient_repeat_dates,20081103,1,,,20081103:12.300,-118.30591616099997,38.84310364000004,386666.99995811685,4300176.000161303
2551,2551,1,"EPSG:4269:-118.305730801000,39.304654687000",DV002,Dixie / Fairview Valley,0.1,positive_2mDAB_insufficient_repeat_dates,20101118,1,,,20101118:0.100,-118.30573080099998,39.30465468700004,387418.9999801065,4351398.000095933
2555,2555,1,"EPSG:4269:-118.304699868000,39.312216972000",DV006,Dixie / Fairview Valley,0.3,positive_2mDAB_insufficient_repeat_dates,20101118,1,,,20101118:0.300,-118.30469986799994,39.312216972000044,387519.99998516554,4352236.000059246
702,702,1,"EPSG:4269:-118.303019566000,38.841595094000",DH082,Dead Horse Wells,0.9,positive_2mDAB_insufficient_repeat_dates,20081103,1,,,20081103:-1.600,-118.30301956599999,38.84159509400007,386916.0000062975,4300005.00008964
701,701,1,"EPSG:4269:-118.302710775000,38.843617025000",DH081,Dead Horse Wells,5.9,positive_2mDAB_insufficient_repeat_dates,20081103,1,,,20081103:3.600,-118.30271077499998,38.84361702500007,386946.000021129,4300229.0001186235
2556,2556,1,"EPSG:4269:-118.302079060000,39.352901149000",DV007,Dixie / Fairview Valley,0.2,positive_2mDAB_insufficient_repeat_dates,20101118,1,,,20101118:0.200,-118.30207905999998,39.35290114900005,387811.00000356,4356748.000133252
2557,2557,1,"EPSG:4269:-118.301319610000,39.368263260000",DV008,Dixie / Fairview Valley,1.0,positive_2mDAB_insufficient_repeat_dates,20101118,1,,,20101118:1.000,-118.30131960999995,39.36826326000005,387900.99998921563,4358452.00006738
2401,2401,1,"EPSG:4269:-118.300828831000,39.709029821000",BV 16,Buena Vista Valley,1.4,positive_2mDAB_insufficient_repeat_dates,20100430,1,,,20100430:0.600,-118.30082883099999,39.70902982100006,388489.99996750033,4396272.000073682
625,625,1,"EPSG:4269:-118.300822949000,38.843719167000",DH005,Dead Horse Wells,1.8,positive_2mDAB_insufficient_repeat_dates,20081103,1,,,20081103:-0.700,-118.30082294899995,38.843719167000074,387109.99996784667,4300238.000150093
671,671,1,"EPSG:4269:-118.300623721000,38.851128504000",DH051,Dead Horse Wells,1.5,positive_2mDAB_insufficient_repeat_dates,20081103,1,,,20081103:-1.000,-118.30062372099997,38.85112850400003,387139.00001729035,4301060.00010875
2578,2578,1,"EPSG:4269:-118.300356241000,39.322564469000",DV029,Dixie / Fairview Valley,0.4,positive_2mDAB_insufficient_repeat_dates,20101202,1,,,20101202:0.300,-118.30035624099997,39.32256446900004,387911.00002028915,4353379.000121292
669,669,1,"EPSG:4269:-118.300299299000,38.845968761000",DH049,Dead Horse Wells,1.6,positive_2mDAB_insufficient_repeat_dates,20081103,1,,,20081103:-0.900,-118.30029929899996,38.84596876100005,387159.0000091391,4300487.000103083
670,670,1,"EPSG:4269:-118.299950728000,38.848342559000",DH050,Dead Horse Wells,2.3,positive_2mDAB_insufficient_repeat_dates,20081103,1,,,20081103:-0.200,-118.29995072799994,38.84834255900006,387192.9999760844,4300750.000093026
2553,2553,1,"EPSG:4269:-118.299272010000,39.391812065000",DV004,Dixie / Fairview Valley,0.3,positive_2mDAB_insufficient_repeat_dates,20101118,1,,,20101118:0.300,-118.29927200999998,39.39181206500007,388115.00002390693,4361063.000120315
2402,2402,1,"EPSG:4269:-118.297358730000,39.714961077000",BV 17,Buena Vista Valley,0.4,positive_2mDAB_insufficient_repeat_dates,20100430,1,,,20100430:-0.500,-118.29735872999998,39.714961077000055,388797.0000255799,4396926.000137853
3382,3382,1,"EPSG:4269:-118.295373676000,40.306683406000",HN16197,HumboldtNSO,0.75,positive_2mDAB_insufficient_repeat_dates,20160910,1,,,20160910:-0.400,-118.29537367599994,40.30668340600005,389922.00002134097,4462602.0000651
2403,2403,1,"EPSG:4269:-118.293760407000,39.720929694000",BV 18,Buena Vista Valley,0.9,positive_2mDAB_insufficient_repeat_dates,20100430,1,,,20100430:0.100,-118.29376040699998,39.72092969400006,389115.00001082243,4397584.000107163
2793,2793,1,"EPSG:4269:-118.291679338000,39.354738030000",DV125,Dixie / Fairview Valley,1.5,positive_2mDAB_insufficient_repeat_dates,20110714,1,,,20110714:1.650,-118.291679338,39.35473803000008,388709.9999660421,4356939.000083399
2404,2404,1,"EPSG:4269:-118.291061422000,39.726978296000",BV 19,Buena Vista Valley,0.8,positive_2mDAB_insufficient_repeat_dates,20100430,1,,,20100430:-0.100,-118.29106142199998,39.72697829600003,389355.9999952329,4398252.000135279
2579,2579,1,"EPSG:4269:-118.290176765000,39.329201281000",DV030,Dixie / Fairview Valley,0.2,positive_2mDAB_insufficient_repeat_dates,20101202,1,,,20101202:0.100,-118.29017676499996,39.32920128100005,388798.99999006034,4354103.000148151
3381,3381,1,"EPSG:4269:-118.287382716000,40.309736561000",HN16196,HumboldtNSO,1.65,positive_2mDAB_insufficient_repeat_dates,20160910,1,,,20160910:0.700,-118.28738271599997,40.30973656100008,390605.99998954777,4462931.000146786
2405,2405,1,"EPSG:4269:-118.286518557000,39.732416597000",BV 20,Buena Vista Valley,1.3,positive_2mDAB_insufficient_repeat_dates,20100430,1,,,20100430:0.500,-118.28651855699997,39.732416597000054,389754.00000379566,4398850.00013684
3310,3310,1,"EPSG:4269:-118.284192482000,40.335141161000",HN16128,HumboldtNSO,0.05,positive_2mDAB_insufficient_repeat_dates,20160830,1,,,20160830:0.450,-118.28419248199998,40.335141161000024,390917.9999754009,4465747.000120739
3374,3374,1,"EPSG:4269:-118.282467581000,40.313674015000",HN16189,HumboldtNSO,2.85,positive_2mDAB_insufficient_repeat_dates,20160910,1,,,20160910:1.900,-118.28246758099999,40.31367401500006,391030.0000224407,4463362.000153188
2406,2406,1,"EPSG:4269:-118.282017649000,39.737638020000",BV 21,Buena Vista Valley,1.6,positive_2mDAB_insufficient_repeat_dates,20100430,1,,,20100430:0.800,-118.28201764899995,39.73763802000008,390148.0000258297,4399424.00009725
3375,3375,1,"EPSG:4269:-118.279693698000,40.319470457000",HN16190,HumboldtNSO,1.15,positive_2mDAB_insufficient_repeat_dates,20160910,1,,,20160910:0.200,-118.27969369799996,40.31947045700008,391274.9999934111,4464002.0001262855
2804,2804,1,"EPSG:4269:-118.279260757000,39.359821904000",DV136,Dixie / Fairview Valley,1.2,positive_2mDAB_insufficient_repeat_dates,20110714,1,,,20110714:1.350,-118.27926075699997,39.35982190400006,389787.9999785199,4357488.0000728
2407,2407,1,"EPSG:4269:-118.277919641000,39.742593549000",BV 22,Buena Vista Valley,0.3,positive_2mDAB_insufficient_repeat_dates,20100430,1,,,20100430:-0.600,-118.27791964099998,39.74259354900005,390507.00003401533,4399969.0001597935
2784,2784,1,"EPSG:4269:-118.277707010000,39.426109783000",DV116,Dixie / Fairview Valley,0.1,positive_2mDAB_insufficient_repeat_dates,20110713,1,,,20110713:0.000,-118.27770700999997,39.42610978300007,390025.9999731995,4364843.000159641
2569,2569,1,"EPSG:4269:-118.275280047000,39.386644323000",DV020,Dixie / Fairview Valley,0.2,positive_2mDAB_insufficient_repeat_dates,20101119,1,,,20101119:0.400,-118.27528004699997,39.38664432300004,390173.00002617406,4360460.000071854
3376,3376,1,"EPSG:4269:-118.274289003000,40.323097665000",HN16191,HumboldtNSO,2.35,positive_2mDAB_insufficient_repeat_dates,20160910,1,,,20160910:1.400,-118.27428900299998,40.323097665000034,391739.99999288586,4464398.0001465175
2776,2776,1,"EPSG:4269:-118.272412158000,39.443512557000",DV108,Dixie / Fairview Valley,0.4,positive_2mDAB_insufficient_repeat_dates,20110712,1,,,20110712:0.500,-118.27241215799995,39.443512557000076,390509.0000244371,4366768.000059128
2792,2792,1,"EPSG:4269:-118.270685194000,39.364412036000",DV124,Dixie / Fairview Valley,0.2,positive_2mDAB_insufficient_repeat_dates,20110714,1,,,20110714:0.350,-118.27068519399995,39.36441203600003,390534.0000345926,4357987.00013941
3377,3377,1,"EPSG:4269:-118.268486561000,40.325629894000",HN16192,HumboldtNSO,1.85,positive_2mDAB_insufficient_repeat_dates,20160910,1,,,20160910:0.900,-118.26848656099997,40.32562989400003,392236.9999839559,4464672.000161063
2785,2785,1,"EPSG:4269:-118.267614201000,39.422435907000",DV117,Dixie / Fairview Valley,0.1,positive_2mDAB_insufficient_repeat_dates,20110713,1,,,20110713:0.100,-118.26761420099996,39.42243590700008,390889.0000109854,4364423.000091094
3378,3378,1,"EPSG:4269:-118.267483773000,40.330541744000",HN16193,HumboldtNSO,0.95,positive_2mDAB_insufficient_repeat_dates,20160910,1,,,20160910:-0.200,-118.26748377299998,40.33054174400007,392329.9999915322,4465216.000123754
2572,2572,1,"EPSG:4269:-118.265756983000,39.383333409000",DV023,Dixie / Fairview Valley,1.0,positive_2mDAB_insufficient_repeat_dates,20101119,1,,,20101119:1.200,-118.26575698299996,39.383333409000045,390988.00002104527,4360081.000121286
2791,2791,1,"EPSG:4269:-118.262981960000,39.373668443000",DV123,Dixie / Fairview Valley,0.9,positive_2mDAB_insufficient_repeat_dates,20110714,1,,,20110714:1.050,-118.26298195999999,39.37366844300004,391212.0000188971,4359005.000118502
2582,2582,1,"EPSG:4269:-118.262768142000,39.346973051000",DV033,Dixie / Fairview Valley,0.2,positive_2mDAB_insufficient_repeat_dates,20101202,1,,,20101202:0.100,-118.26276814199997,39.34697305100008,391189.0000409673,4356042.000083428
2790,2790,1,"EPSG:4269:-118.260340748000,39.381085564000",DV122,Dixie / Fairview Valley,1.4,positive_2mDAB_insufficient_repeat_dates,20110714,1,,,20110714:1.550,-118.26034074799998,39.381085564000045,391451.000008626,4359825.000153169
3230,3230,1,"EPSG:4269:-118.254560160000,38.839133984000",GV16051,Gabbs Valley,1.2,positive_2mDAB_insufficient_repeat_dates,20160815,1,,,20160815:3.050,-118.25456015999998,38.83913398400006,391117.99998671317,4299673.000091267
3380,3380,1,"EPSG:4269:-118.253700353000,40.329331624000",HN16195,HumboldtNSO,0.65,positive_2mDAB_insufficient_repeat_dates,20160910,1,,,20160910:-0.500,-118.25370035299994,40.329331624000076,393499.00003918854,4465065.000159861
3318,3318,1,"EPSG:4269:-118.250888379000,40.329407115000",HN16136,HumboldtNSO,1.35,positive_2mDAB_insufficient_repeat_dates,20160830,1,,,20160830:1.750,-118.25088837899995,40.32940711500004,393738.00000075006,4465070.000160935
2568,2568,1,"EPSG:4269:-118.250807797000,39.375187551000",DV019,Dixie / Fairview Valley,0.4,positive_2mDAB_insufficient_repeat_dates,20101119,1,,,20101119:0.600,-118.250807797,39.37518755100007,392262.9999796514,4359159.000110614
2577,2577,1,"EPSG:4269:-118.250739433000,39.348580660000",DV028,Dixie / Fairview Valley,0.1,positive_2mDAB_insufficient_repeat_dates,20101202,1,,,20101202:-0.100,-118.25073943299998,39.34858066000004,392227.99999535445,4356206.000146092
2780,2780,1,"EPSG:4269:-118.250085502000,39.430338418000",DV112,Dixie / Fairview Valley,0.8,positive_2mDAB_insufficient_repeat_dates,20110712,1,,,20110712:0.900,-118.25008550199999,39.430338418000076,392410.0000427484,4365279.000079396
3487,3487,1,"EPSG:4269:-118.247191273000,38.835464266000",GV124,Gabbs Valley,0.9,positive_2mDAB_insufficient_repeat_dates,20161215,1,,,20161215:-2.300,-118.24719127299994,38.83546426600003,391752.0000297808,4299257.000113915
3315,3315,1,"EPSG:4269:-118.244485505000,40.339701323000",HN16133,HumboldtNSO,5.06,positive_2mDAB_insufficient_repeat_dates,20160830,1,,,20160830:5.450,-118.24448550499994,40.33970132300004,394298.00002485485,4466205.000104839
3317,3317,1,"EPSG:4269:-118.243559925000,40.328405068000",HN16135,HumboldtNSO,3.45,positive_2mDAB_insufficient_repeat_dates,20160830,1,,,20160830:3.850,-118.24355992499994,40.32840506800005,394359.00002040603,4464950.000073249
3316,3316,1,"EPSG:4269:-118.242937246000,40.332961275000",HN16134,HumboldtNSO,3.55,positive_2mDAB_insufficient_repeat_dates,20160830,1,,,20160830:3.950,-118.24293724599994,40.33296127500006,394418.9999582468,4465455.000071451
2788,2788,1,"EPSG:4269:-118.242786926000,39.413215997000",DV120,Dixie / Fairview Valley,0.1,positive_2mDAB_insufficient_repeat_dates,20110713,1,,,20110713:0.000,-118.24278692599995,39.413215997000066,393012.0000394177,4363370.000132301
3258,3258,1,"EPSG:4269:-118.240363984000,38.831094466000",GV16079,Gabbs Valley,0.4,positive_2mDAB_insufficient_repeat_dates,20160815,1,,,20160815:2.250,-118.24036398399994,38.831094466000025,392337.99996659765,4298764.000057381
2782,2782,1,"EPSG:4269:-118.237206275000,39.425412356000",DV114,Dixie / Fairview Valley,1.4,positive_2mDAB_insufficient_repeat_dates,20110712,1,,,20110712:1.500,-118.23720627499995,39.42541235600004,393511.00003736233,4364717.000128515
2789,2789,1,"EPSG:4269:-118.236116425000,39.411070540000",DV121,Dixie / Fairview Valley,1.3,positive_2mDAB_insufficient_repeat_dates,20110713,1,,,20110713:1.200,-118.23611642499998,39.411070540000026,393583.0000405931,4363124.000163327
2796,2796,1,"EPSG:4269:-118.233637724000,39.343537175000",DV128,Dixie / Fairview Valley,0.2,positive_2mDAB_insufficient_repeat_dates,20110714,1,,,20110714:0.350,-118.23363772399995,39.34353717500005,393694.000012046,4355626.000098168
3256,3256,1,"EPSG:4269:-118.230352029000,38.820350898000",GV16077,Gabbs Valley,0.1,positive_2mDAB_insufficient_repeat_dates,20160815,1,,,20160815:1.950,-118.23035202899996,38.82035089800007,393191.00002435944,4297560.00012853
368,368,1,"EPSG:4269:-118.228724505000,38.879093651000",GV001,Gabbs Valley,0.2,positive_2mDAB_insufficient_repeat_dates,20071213,1,,,20071213:0.500,-118.22872450499995,38.87909365100006,393419.99999644555,4304077.0001650015
369,369,1,"EPSG:4269:-118.226959536000,38.885059534000",GV002,Gabbs Valley,0.2,positive_2mDAB_insufficient_repeat_dates,20071213,1,,,20071213:0.500,-118.22695953599998,38.88505953400005,393582.0000233493,4304737.000067603
2592,2592,1,"EPSG:4269:-118.226233177000,39.342813505000",DV043,Dixie / Fairview Valley,0.7,positive_2mDAB_insufficient_repeat_dates,20101203,1,,,20101203:0.800,-118.22623317699998,39.34281350500004,394330.9999742876,4355537.00013205
523,523,1,"EPSG:4269:-118.214181028000,38.980890266000",GV088,Gabbs Valley,0.1,positive_2mDAB_insufficient_repeat_dates,20080403,1,,,20080403:-0.100,-118.21418102799998,38.980890266000074,394831.99999415514,4315357.000062683
373,373,1,"EPSG:4269:-118.206608660000,38.895859661000",GV006,Gabbs Valley,2.1,positive_2mDAB_insufficient_repeat_dates,20071213,1,,,20071213:2.400,-118.20660865999997,38.89585966100003,395362.9999609262,4305912.000119679
393,393,1,"EPSG:4269:-118.205921497000,38.898182611000",GV026,Gabbs Valley,1.4,positive_2mDAB_insufficient_repeat_dates,20071213,1,,,20071213:1.700,-118.20592149699996,38.89818261100004,395426.000011133,4306169.000122752
2588,2588,1,"EPSG:4269:-118.205213206000,39.314145585000",DV039,Dixie / Fairview Valley,1.1,positive_2mDAB_insufficient_repeat_dates,20101203,1,,,20101203:1.200,-118.20521320599994,39.31414558500006,396099.9999850433,4352331.000163598
529,529,1,"EPSG:4269:-118.203708888000,38.981512400000",GV094,Gabbs Valley,0.2,positive_2mDAB_insufficient_repeat_dates,20080403,1,,,20080403:0.100,-118.203708888,38.98151240000004,395740.0000011375,4315414.000147519
532,532,1,"EPSG:4269:-118.202915537000,38.975564330000",GV097,Gabbs Valley,0.5,positive_2mDAB_insufficient_repeat_dates,20080403,1,,,20080403:0.400,-118.20291553699997,38.975564330000054,395800.00001829164,4314753.00014676
508,508,1,"EPSG:4269:-118.201029194000,38.967086404000",GV073,Gabbs Valley,1.7,positive_2mDAB_insufficient_repeat_dates,20080403,1,,,20080403:1.600,-118.20102919399994,38.96708640400004,395950.99998381035,4313810.000073051
3274,3274,1,"EPSG:4269:-118.200984331000,38.782250640000",GV16095,Gabbs Valley,2.2,positive_2mDAB_insufficient_repeat_dates,20160818,1,,,20160818:2.200,-118.20098433099997,38.78225064000003,395684.99998171575,4293298.000152983
411,411,1,"EPSG:4269:-118.199559843000,38.982618425000",GV044,Gabbs Valley,3.1,positive_2mDAB_insufficient_repeat_dates,20071213,1,,,20071213:3.400,-118.19955984299997,38.982618425000055,396101.0000437511,4315532.000129145
412,412,1,"EPSG:4269:-118.199531971000,38.978230369000",GV045,Gabbs Valley,1.8,positive_2mDAB_insufficient_repeat_dates,20071213,1,,,20071213:2.100,-118.19953197099994,38.97823036900007,396097.00003546977,4315045.000163391
531,531,1,"EPSG:4269:-118.199222358000,38.982459697000",GV096,Gabbs Valley,0.3,positive_2mDAB_insufficient_repeat_dates,20080403,1,,,20080403:0.200,-118.19922235799999,38.982459697000024,396129.9999910307,4315514.000144746
2620,2620,1,"EPSG:4269:-118.198695717000,39.568411125000",DV071,Dixie / Fairview Valley,1.1,positive_2mDAB_insufficient_repeat_dates,20101215,1,,,20101215:1.100,-118.19869571699996,39.56841112500007,397037.0000147987,4380543.000143913
509,509,1,"EPSG:4269:-118.198373787000,38.973214144000",GV074,Gabbs Valley,1.8,positive_2mDAB_insufficient_repeat_dates,20080403,1,,,20080403:1.700,-118.19837378699998,38.97321414400005,396189.9999942006,4314487.000157449
3499,3499,1,"EPSG:4269:-118.198313469000,38.789820485000",GV136,Gabbs Valley,1.5,positive_2mDAB_insufficient_repeat_dates,20161230,1,,,20161230:-0.600,-118.19831346899997,38.789820485000064,395928.0000092633,4294135.000143573
2629,2629,1,"EPSG:4269:-118.198072361000,39.281069667000",DV080,Dixie / Fairview Valley,0.9,positive_2mDAB_insufficient_repeat_dates,20110110,1,,,20110110:1.700,-118.19807236099996,39.281069667000054,396667.0000351247,4348652.000083545
3496,3496,1,"EPSG:4269:-118.197706943000,38.782473516000",GV133,Gabbs Valley,1.2,positive_2mDAB_insufficient_repeat_dates,20161230,1,,,20161230:-0.900,-118.19770694299996,38.78247351600004,395970.0000127391,4293319.000156856
3497,3497,1,"EPSG:4269:-118.197410958000,38.784738376000",GV134,Gabbs Valley,0.8,positive_2mDAB_insufficient_repeat_dates,20161230,1,,,20161230:-1.300,-118.19741095799998,38.784738376000064,395999.00001167937,4293570.000079852
3273,3273,1,"EPSG:4269:-118.197388689000,38.784783661000",GV16094,Gabbs Valley,3.6,positive_2mDAB_insufficient_repeat_dates,20160818,1,,,20160818:3.600,-118.19738868899998,38.78478366100006,396001.0000397767,4293575.000133722
499,499,1,"EPSG:4269:-118.196669248000,38.963157349000",GV064,Gabbs Valley,1.0,positive_2mDAB_insufficient_repeat_dates,20080403,1,,,20080403:0.900,-118.19666924799998,38.96315734900003,396323.0000420684,4313369.00006841
3498,3498,1,"EPSG:4269:-118.196369270000,38.787164065000",GV135,Gabbs Valley,2.0,positive_2mDAB_insufficient_repeat_dates,20161230,1,,,20161230:0.150,-118.19636926999999,38.78716406500007,396092.99998165143,4293838.000165134
498,498,1,"EPSG:4269:-118.195794250000,38.965346981000",GV063,Gabbs Valley,0.9,positive_2mDAB_insufficient_repeat_dates,20080403,1,,,20080403:0.800,-118.19579424999995,38.96534698100004,396401.9999990689,4313611.00015308
378,378,1,"EPSG:4269:-118.195211571000,38.918288335000",GV011,Gabbs Valley,19.3,positive_2mDAB_insufficient_repeat_dates,20071213,1,,,20071213:19.600,-118.19521157099996,38.91828833500006,396384.00000339374,4308388.00015636
533,533,1,"EPSG:4269:-118.194768717000,38.967511113000",GV098,Gabbs Valley,2.7,positive_2mDAB_insufficient_repeat_dates,20080403,1,,,20080403:2.600,-118.19476871699999,38.96751111300006,396493.9999606586,4313850.000082783
507,507,1,"EPSG:4269:-118.194245053000,38.971382189000",GV072,Gabbs Valley,1.1,positive_2mDAB_insufficient_repeat_dates,20080403,1,,,20080403:1.000,-118.19424505299997,38.97138218900005,396544.99997039186,4314279.000111305
494,494,1,"EPSG:4269:-118.194237951000,38.978518960000",GV059,Gabbs Valley,1.5,positive_2mDAB_insufficient_repeat_dates,20080403,1,,,20080403:1.400,-118.19423795099999,38.97851896000003,396556.0000279406,4315071.000108309
395,395,1,"EPSG:4269:-118.193132074000,38.913272420000",GV028,Gabbs Valley,5.3,persistent_repeat_residual,20071213;20080403,2,4.450000000000001,1.0,20071213:5.600;20080403:3.300,-118.19313207399995,38.913272420000055,396556.9999858374,4307829.00016254
3475,3475,1,"EPSG:4269:-118.193120700000,38.771860095000",GV112,Gabbs Valley,1.0,positive_2mDAB_insufficient_repeat_dates,20161215,1,,,20161215:-2.200,-118.19312069999995,38.77186009500008,396352.99997283064,4292136.000108054
3500,3500,1,"EPSG:4269:-118.192382844000,38.784924964000",GV137,Gabbs Valley,2.2,positive_2mDAB_insufficient_repeat_dates,20161230,1,,,20161230:0.450,-118.19238284399995,38.78492496400003,396436.00002581516,4293585.000139633
510,510,1,"EPSG:4269:-118.192201100000,38.977530560000",GV075,Gabbs Valley,2.8,positive_2mDAB_insufficient_repeat_dates,20080403,1,,,20080403:2.700,-118.19220109999998,38.97753056000005,396731.0000430596,4314959.000069828
3272,3272,1,"EPSG:4269:-118.192134316000,38.788667174000",GV16093,Gabbs Valley,2.5,positive_2mDAB_insufficient_repeat_dates,20160818,1,,,20160818:2.500,-118.19213431599997,38.78866717400007,396462.9999997537,4294000.000145692
416,416,1,"EPSG:4269:-118.190658918000,38.986773546000",GV049,Gabbs Valley,1.6,positive_2mDAB_insufficient_repeat_dates,20071213,1,,,20071213:1.900,-118.19065891799994,38.98677354600005,396877.9999717174,4315983.000132633
379,379,1,"EPSG:4269:-118.190445982000,38.919562538000",GV012,Gabbs Valley,3.6,positive_2mDAB_insufficient_repeat_dates,20071213,1,,,20071213:3.900,-118.19044598199997,38.91956253800004,396798.99996987876,4308524.0001026355
418,418,1,"EPSG:4269:-118.190113786000,38.993519308000",GV051,Gabbs Valley,2.1,positive_2mDAB_insufficient_repeat_dates,20071213,1,,,20071213:2.400,-118.19011378599998,38.99351930800003,396935.0000064732,4316731.000096802
511,511,1,"EPSG:4269:-118.189968201000,38.982067855000",GV076,Gabbs Valley,1.1,positive_2mDAB_insufficient_repeat_dates,20080403,1,,,20080403:1.000,-118.18996820099994,38.982067855000025,396930.99999679194,4315460.000163027
391,391,1,"EPSG:4269:-118.189794050000,38.914369797000",GV024,Gabbs Valley,0.7,positive_2mDAB_insufficient_repeat_dates,20071213,1,,,20071213:1.000,-118.18979404999999,38.91436979700006,396847.9999592215,4307947.000163788
3251,3251,1,"EPSG:4269:-118.189131725000,38.797132306000",GV16072,Gabbs Valley,0.4,positive_2mDAB_insufficient_repeat_dates,20160815,1,,,20160815:2.250,-118.18913172499998,38.79713230600004,396735.999961216,4294936.000157829
3474,3474,1,"EPSG:4269:-118.189096026000,38.776271590000",GV111,Gabbs Valley,1.3,positive_2mDAB_insufficient_repeat_dates,20161215,1,,,20161215:-1.900,-118.18909602599996,38.77627159000008,396709.0000350773,4292621.000087034
534,534,1,"EPSG:4269:-118.188996158000,38.966056228000",GV099,Gabbs Valley,1.3,positive_2mDAB_insufficient_repeat_dates,20080403,1,,,20080403:1.200,-118.18899615799995,38.96605622800007,396991.9999995201,4313682.000083847
506,506,1,"EPSG:4269:-118.187244273000,38.973814511000",GV071,Gabbs Valley,0.6,positive_2mDAB_insufficient_repeat_dates,20080403,1,,,20080403:0.500,-118.18724427299998,38.97381451100006,397154.99996452505,4314541.000160371
2820,2820,1,"EPSG:4269:-118.187215604000,39.672639862000",DV152,Dixie Valley,0.1,positive_2mDAB_insufficient_repeat_dates,20111207,1,,,20111207:0.100,-118.18721560399996,39.67263986200004,398176.00003139465,4392098.000094821
2628,2628,1,"EPSG:4269:-118.186841127000,39.278517581000",DV079,Dixie / Fairview Valley,0.2,positive_2mDAB_insufficient_repeat_dates,20110110,1,,,20110110:1.000,-118.18684112699998,39.278517581000074,397631.9999791475,4348356.000120059
3271,3271,1,"EPSG:4269:-118.186628339000,38.792688175000",GV16092,Gabbs Valley,0.3,positive_2mDAB_insufficient_repeat_dates,20160816,1,,,20160816:-0.300,-118.18662833899998,38.79268817500008,396947.0000272676,4294440.0000684215
2600,2600,1,"EPSG:4269:-118.186309316000,39.341794667000",DV051,Dixie / Fairview Valley,0.5,positive_2mDAB_insufficient_repeat_dates,20101204,1,,,20101204:0.800,-118.18630931599995,39.341794667000045,397769.9999892004,4355378.0001485925
2846,2846,1,"EPSG:4269:-118.184808066000,39.509609148000",DV178,Dixie Valley,0.5,positive_2mDAB_insufficient_repeat_dates,20111208,1,,,20111208:0.700,-118.18480806599996,39.50960914800004,398143.99996414874,4374001.00016305
417,417,1,"EPSG:4269:-118.184769476000,38.991555248000",GV050,Gabbs Valley,2.1,positive_2mDAB_insufficient_repeat_dates,20071213,1,,,20071213:2.400,-118.18476947599999,38.991555248000054,397394.9999703959,4316507.000138089
2819,2819,1,"EPSG:4269:-118.184455441000,39.663261651000",DV151,Dixie Valley,0.3,positive_2mDAB_insufficient_repeat_dates,20111207,1,,,20111207:0.300,-118.18445544099995,39.66326165100003,398398.9999939444,4391054.000081474
2774,2774,1,"EPSG:4269:-118.184277415000,39.505073415000",DV106,Dixie / Fairview Valley,0.1,positive_2mDAB_insufficient_repeat_dates,20110628,1,,,20110628:0.400,-118.18427741499994,39.50507341500003,398183.00000992115,4373497.000147417
3473,3473,1,"EPSG:4269:-118.183358604000,38.778780902000",GV110,Gabbs Valley,2.1,positive_2mDAB_insufficient_repeat_dates,20161215,1,,,20161215:-1.100,-118.18335860399998,38.77878090200005,397211.000025108,4292893.000160427
504,504,1,"EPSG:4269:-118.183147096000,38.966926671000",GV069,Gabbs Valley,3.3,positive_2mDAB_insufficient_repeat_dates,20080403,1,,,20080403:3.200,-118.18314709599997,38.96692667100007,397499.9999909489,4313772.000148142
535,535,1,"EPSG:4269:-118.182667924000,38.969346476000",GV100,Gabbs Valley,0.2,positive_2mDAB_insufficient_repeat_dates,20080403,1,,,20080403:0.100,-118.18266792399999,38.969346476000055,397544.999961436,4314040.000065534
409,409,1,"EPSG:4269:-118.182588889000,38.987495402000",GV042,Gabbs Valley,2.4,positive_2mDAB_insufficient_repeat_dates,20071213,1,,,20071213:2.700,-118.18258888899999,38.987495402000036,397578.00001003174,4316054.000056878
512,512,1,"EPSG:4269:-118.182577951000,38.979899259000",GV077,Gabbs Valley,1.4,positive_2mDAB_insufficient_repeat_dates,20080403,1,,,20080403:1.300,-118.18257795099998,38.979899259000035,397567.99999353214,4315211.000104009
410,410,1,"EPSG:4269:-118.182056989000,38.984671347000",GV043,Gabbs Valley,2.3,positive_2mDAB_insufficient_repeat_dates,20071213,1,,,20071213:2.600,-118.18205698899999,38.984671347000074,397619.99996331194,4315740.000149819
3270,3270,1,"EPSG:4269:-118.181590158000,38.788116456000",GV16091,Gabbs Valley,0.8,positive_2mDAB_insufficient_repeat_dates,20160816,1,,,20160816:0.500,-118.18159015799995,38.78811645600007,397378.00002879556,4293927.000141951
497,497,1,"EPSG:4269:-118.179934171000,38.966679862000",GV062,Gabbs Valley,0.9,positive_2mDAB_insufficient_repeat_dates,20080403,1,,,20080403:0.800,-118.17993417099996,38.966679862000035,397778.00001734874,4313741.00007064
413,413,1,"EPSG:4269:-118.179750192000,38.975070962000",GV046,Gabbs Valley,2.1,positive_2mDAB_insufficient_repeat_dates,20071213,1,,,20071213:2.400,-118.17975019199997,38.975070962000075,397806.00001408183,4314672.000063938
406,406,1,"EPSG:4269:-118.179440739000,38.989816057000",GV039,Gabbs Valley,2.7,positive_2mDAB_insufficient_repeat_dates,20071213,1,,,20071213:3.000,-118.17944073899997,38.98981605700004,397853.99997160555,4316308.000100577
405,405,1,"EPSG:4269:-118.179312381000,38.986951865000",GV038,Gabbs Valley,2.9,positive_2mDAB_insufficient_repeat_dates,20071213,1,,,20071213:3.200,-118.17931238099999,38.98695186500004,397860.99998862797,4315990.000089679
513,513,1,"EPSG:4269:-118.179196793000,38.986944023000",GV078,Gabbs Valley,0.8,positive_2mDAB_insufficient_repeat_dates,20080403,1,,,20080403:0.700,-118.17919679299996,38.986944023000035,397870.9999709438,4315989.000163963
2627,2627,1,"EPSG:4269:-118.179154799000,39.282677454000",DV078,Dixie / Fairview Valley,0.1,positive_2mDAB_insufficient_repeat_dates,20110110,1,,,20110110:0.900,-118.17915479899995,39.282677454000066,398300.9999695568,4348809.000133176
408,408,1,"EPSG:4269:-118.178802508000,38.998671275000",GV041,Gabbs Valley,0.2,positive_2mDAB_insufficient_repeat_dates,20071213,1,,,20071213:0.500,-118.17880250799999,38.99867127500005,397921.99996948935,4317290.000133539
2848,2848,1,"EPSG:4269:-118.178795661000,39.521383519000",DV180,Dixie Valley,0.2,positive_2mDAB_insufficient_repeat_dates,20111208,1,,,20111208:0.400,-118.17879566099998,39.52138351900004,398678.0000066258,4375301.000091746
387,387,1,"EPSG:4269:-118.178499632000,38.949762656000",GV020,Gabbs Valley,0.2,positive_2mDAB_insufficient_repeat_dates,20071213,1,,,20071213:0.500,-118.17849963199995,38.949762656000075,397877.99999166554,4311862.000129254
3472,3472,1,"EPSG:4269:-118.178331635000,38.777615178000",GV109,Gabbs Valley,2.0,positive_2mDAB_insufficient_repeat_dates,20161215,1,,,20161215:-1.200,-118.17833163499995,38.777615178000076,397646.000000301,4292758.000131981
503,503,1,"EPSG:4269:-118.177036438000,38.963158790000",GV068,Gabbs Valley,0.1,positive_2mDAB_insufficient_repeat_dates,20080403,1,,,20080403:-0.100,-118.17703643799996,38.96315879000008,398024.0000393912,4313347.000107498
407,407,1,"EPSG:4269:-118.176950869000,38.994247565000",GV040,Gabbs Valley,1.3,positive_2mDAB_insufficient_repeat_dates,20071213,1,,,20071213:1.600,-118.17695086899994,38.99424756500008,398076.00001273025,4316797.000071218
403,403,1,"EPSG:4269:-118.176407028000,38.982322519000",GV036,Gabbs Valley,2.4,positive_2mDAB_insufficient_repeat_dates,20071213,1,,,20071213:2.700,-118.17640702799997,38.982322519000036,398106.00000107416,4315473.000073434
537,537,1,"EPSG:4269:-118.175846302000,38.979832128000",GV102,Gabbs Valley,1.1,positive_2mDAB_insufficient_repeat_dates,20080403,1,,,20080403:1.000,-118.17584630199997,38.979832128000055,398151.00003945094,4315196.000061272
536,536,1,"EPSG:4269:-118.175252107000,38.975314597000",GV101,Gabbs Valley,0.7,positive_2mDAB_insufficient_repeat_dates,20080403,1,,,20080403:0.600,-118.17525210699995,38.97531459700008,398195.9999731258,4314694.000093321
496,496,1,"EPSG:4269:-118.174433123000,38.977449438000",GV061,Gabbs Valley,1.5,positive_2mDAB_insufficient_repeat_dates,20080403,1,,,20080403:1.400,-118.17443312299997,38.977449438000065,398270.0000120382,4314930.000111774
402,402,1,"EPSG:4269:-118.174421283000,38.977431535000",GV035,Gabbs Valley,3.3,positive_2mDAB_insufficient_repeat_dates,20071213,1,,,20071213:3.600,-118.17442128299996,38.97743153500005,398271.00000939635,4314928.000090777
404,404,1,"EPSG:4269:-118.174393345000,38.986920384000",GV037,Gabbs Valley,1.2,positive_2mDAB_insufficient_repeat_dates,20071213,1,,,20071213:1.500,-118.17439334499994,38.98692038400003,398287.0000417721,4315981.000080982
3471,3471,1,"EPSG:4269:-118.173852610000,38.768432691000",GV108,Gabbs Valley,3.1,positive_2mDAB_insufficient_repeat_dates,20161215,1,,,20161215:-0.100,-118.17385260999998,38.768432691000044,398021.9999678611,4291734.000162353
2597,2597,1,"EPSG:4269:-118.173094990000,39.358606942000",DV048,Dixie / Fairview Valley,0.1,positive_2mDAB_insufficient_repeat_dates,20101204,1,,,20101204:0.400,-118.17309498999998,39.35860694200005,398933.0000080232,4357229.000134238
3467,3467,1,"EPSG:4269:-118.172649022000,38.753972603000",GV104,Gabbs Valley,1.8,positive_2mDAB_insufficient_repeat_dates,20161215,1,,,20161215:-1.400,-118.17264902199997,38.75397260300008,398105.9999927529,4290128.0000987165
2772,2772,1,"EPSG:4269:-118.172603490000,39.503218519000",DV104,Dixie / Fairview Valley,0.4,positive_2mDAB_insufficient_repeat_dates,20110628,1,,,20110628:0.700,-118.17260348999997,39.50321851900003,399184.00000625965,4373278.000083063
3285,3285,1,"EPSG:4269:-118.172106635000,38.774280526000",GV16106,Gabbs Valley,2.6,positive_2mDAB_insufficient_repeat_dates,20160818,1,,,20160818:2.600,-118.17210663499998,38.77428052600004,398182.0000024267,4292381.000063856
2587,2587,1,"EPSG:4269:-118.171799282000,39.299781616000",DV038,Dixie / Fairview Valley,1.2,positive_2mDAB_insufficient_repeat_dates,20101203,1,,,20101203:1.300,-118.17179928199994,39.299781616000075,398959.99996663124,4350699.000080365
3470,3470,1,"EPSG:4269:-118.171661190000,38.763940017000",GV107,Gabbs Valley,2.8,positive_2mDAB_insufficient_repeat_dates,20161215,1,,,20161215:-0.400,-118.17166118999995,38.76394001700004,398205.99997607106,4291233.000092483
401,401,1,"EPSG:4269:-118.171498318000,38.973090585000",GV034,Gabbs Valley,2.2,positive_2mDAB_insufficient_repeat_dates,20071213,1,,,20071213:2.500,-118.17149831799998,38.97309058500008,398517.9999628356,4314443.000077308
419,419,1,"EPSG:4269:-118.171407392000,38.977380733000",GV052,Gabbs Valley,2.4,positive_2mDAB_insufficient_repeat_dates,20071213,1,,,20071213:2.700,-118.17140739199999,38.977380733000075,398532.0000342474,4314919.000088982
3447,3447,1,"EPSG:4269:-118.171134458000,38.745093604000",GV084,Gabbs Valley,1.2,positive_2mDAB_insufficient_repeat_dates,20161214,1,,,20161214:-0.250,-118.17113445799998,38.74509360400003,398225.00000345876,4289141.0001084665
3466,3466,1,"EPSG:4269:-118.170009447000,38.758648900000",GV103,Gabbs Valley,3.0,positive_2mDAB_insufficient_repeat_dates,20161215,1,,,20161215:-0.200,-118.17000944699998,38.758648900000026,398342.0000407742,4290644.0000954
3448,3448,1,"EPSG:4269:-118.169904242000,38.740924661000",GV085,Gabbs Valley,1.1,positive_2mDAB_insufficient_repeat_dates,20161214,1,,,20161214:-0.350,-118.16990424199997,38.740924661000065,398325.9999951996,4288677.000145112
400,400,1,"EPSG:4269:-118.168872659000,38.967854489000",GV033,Gabbs Valley,1.9,positive_2mDAB_insufficient_repeat_dates,20071213,1,,,20071213:2.200,-118.16887265899999,38.96785448900005,398737.9999961822,4313859.000067563
3486,3486,1,"EPSG:4269:-118.168798298000,38.770474849000",GV123,Gabbs Valley,3.2,positive_2mDAB_insufficient_repeat_dates,20161215,1,,,20161215:0.050,-118.16879829799996,38.77047484900004,398463.99996103963,4291955.000095221
3446,3446,1,"EPSG:4269:-118.168406919000,38.749302162000",GV083,Gabbs Valley,1.4,positive_2mDAB_insufficient_repeat_dates,20161214,1,,,20161214:0.000,-118.16840691899995,38.74930216200005,398468.00001284416,4289605.000070146
399,399,1,"EPSG:4269:-118.167874826000,38.963322929000",GV032,Gabbs Valley,2.1,positive_2mDAB_insufficient_repeat_dates,20071213,1,,,20071213:2.400,-118.16787482599995,38.96332292900007,398817.99998531095,4313355.000098946
3268,3268,1,"EPSG:4269:-118.166997320000,38.779332932000",GV16089,Gabbs Valley,2.9,positive_2mDAB_insufficient_repeat_dates,20160816,1,,,20160816:2.600,-118.16699731999995,38.779332932000045,398633.00002897164,4292936.0001626
2601,2601,1,"EPSG:4269:-118.166977796000,39.332069599000",DV052,Dixie / Fairview Valley,0.2,positive_2mDAB_insufficient_repeat_dates,20101204,1,,,20101204:0.500,-118.16697779599997,39.33206959900008,399422.0000246562,4354277.00011546
3465,3465,1,"EPSG:4269:-118.166856881000,38.762942772000",GV102,Gabbs Valley,3.1,positive_2mDAB_insufficient_repeat_dates,20161215,1,,,20161215:-0.100,-118.16685688099994,38.76294277200003,398621.99998593726,4291117.000068229
3445,3445,1,"EPSG:4269:-118.166075999000,38.755272920000",GV082,Gabbs Valley,2.8,positive_2mDAB_insufficient_repeat_dates,20161214,1,,,20161214:1.450,-118.16607599899999,38.75527292000004,398679.0000283054,4290265.000111214
3449,3449,1,"EPSG:4269:-118.165814375000,38.731404475000",GV086,Gabbs Valley,0.9,positive_2mDAB_insufficient_repeat_dates,20161214,1,,,20161214:-0.550,-118.16581437499997,38.73140447500003,398667.9999836308,4287616.000095852
3494,3494,1,"EPSG:4269:-118.165715381000,38.784031597000",GV131,Gabbs Valley,2.9,positive_2mDAB_insufficient_repeat_dates,20161230,1,,,20161230:1.150,-118.16571538099998,38.78403159700008,398751.0000308359,4293456.000064553
3286,3286,1,"EPSG:4269:-118.165013170000,38.770593747000",GV16107,Gabbs Valley,3.5,positive_2mDAB_insufficient_repeat_dates,20160818,1,,,20160818:3.500,-118.16501316999995,38.77059374700008,398793.0000250377,4291964.000081916
3468,3468,1,"EPSG:4269:-118.164960209000,38.757428743000",GV105,Gabbs Valley,3.5,positive_2mDAB_insufficient_repeat_dates,20161215,1,,,20161215:0.350,-118.16496020899996,38.75742874300005,398779.00004210765,4290503.000110411
3464,3464,1,"EPSG:4269:-118.163944038000,38.765720271000",GV101,Gabbs Valley,3.5,positive_2mDAB_insufficient_repeat_dates,20161215,1,,,20161215:0.350,-118.16394403799995,38.76572027100008,398879.00003365736,4291422.000142837
3476,3476,1,"EPSG:4269:-118.163456509000,38.745620850000",GV113,Gabbs Valley,1.4,positive_2mDAB_insufficient_repeat_dates,20161215,1,,,20161215:-1.800,-118.16345650899996,38.74562085000008,398892.9999994297,4289191.000094833
3469,3469,1,"EPSG:4269:-118.162875408000,38.759450020000",GV106,Gabbs Valley,3.2,positive_2mDAB_insufficient_repeat_dates,20161215,1,,,20161215:0.050,-118.16287540799999,38.75945002000003,398962.9999799398,4290725.000152576
3485,3485,1,"EPSG:4269:-118.162037419000,38.770226878000",GV122,Gabbs Valley,4.7,positive_2mDAB_insufficient_repeat_dates,20161215,1,,,20161215:1.550,-118.16203741899994,38.770226878000074,399051.0000218027,4291920.000115376
3477,3477,1,"EPSG:4269:-118.161326908000,38.749120407000",GV114,Gabbs Valley,0.5,positive_2mDAB_insufficient_repeat_dates,20161215,1,,,20161215:-2.700,-118.16132690799998,38.74912040700008,399083.0000251704,4289577.000075579
3463,3463,1,"EPSG:4269:-118.161126808000,38.768019147000",GV100,Gabbs Valley,5.2,positive_2mDAB_insufficient_repeat_dates,20161215,1,,,20161215:2.050,-118.16112680799995,38.768019147000075,399126.99996205897,4291674.000122648
2409,2409,1,"EPSG:4269:-118.161040686000,39.991200213000",BV 24,Buena Vista Valley,0.3,positive_2mDAB_insufficient_repeat_dates,20100501,1,,,20100501:1.000,-118.16104068599998,39.99120021300007,400879.9999914918,4427426.000069192
3493,3493,1,"EPSG:4269:-118.160744848000,38.786351924000",GV130,Gabbs Valley,4.3,positive_2mDAB_insufficient_repeat_dates,20161230,1,,,20161230:2.550,-118.16074484799998,38.78635192400003,399185.9999868529,4293708.000142207
3444,3444,1,"EPSG:4269:-118.160577369000,38.761103913000",GV081,Gabbs Valley,3.7,positive_2mDAB_insufficient_repeat_dates,20161214,1,,,20161214:2.350,-118.16057736899995,38.761103913000056,399165.00001278153,4290906.000158439
2828,2828,1,"EPSG:4269:-118.160393569000,39.717555210000",DV160,Dixie Valley,0.6,positive_2mDAB_insufficient_repeat_dates,20111207,1,,,20111207:0.600,-118.16039356899995,39.71755521000006,400541.0000410372,4397053.000149254
3478,3478,1,"EPSG:4269:-118.160171347000,38.753087861000",GV115,Gabbs Valley,1.6,positive_2mDAB_insufficient_repeat_dates,20161215,1,,,20161215:-1.600,-118.16017134699996,38.75308786100004,399189.0000044975,4290016.000127141
3456,3456,1,"EPSG:4269:-118.159624172000,38.762654311000",GV093,Gabbs Valley,4.5,positive_2mDAB_insufficient_repeat_dates,20161214,1,,,20161214:3.150,-118.15962417199995,38.76265431100006,399249.9999875333,4291077.000147004
3479,3479,1,"EPSG:4269:-118.159606157000,38.757274728000",GV116,Gabbs Valley,4.1,positive_2mDAB_insufficient_repeat_dates,20161215,1,,,20161215:0.950,-118.15960615699998,38.75727472800003,399243.9999629328,4290480.0000942135
3267,3267,1,"EPSG:4269:-118.159267806000,38.776192836000",GV16088,Gabbs Valley,3.0,positive_2mDAB_insufficient_repeat_dates,20160816,1,,,20160816:2.700,-118.15926780599995,38.776192836000064,399300.00000929914,4292579.000081394
3462,3462,1,"EPSG:4269:-118.158914560000,38.770014584000",GV099,Gabbs Valley,4.4,positive_2mDAB_insufficient_repeat_dates,20161215,1,,,20161215:1.250,-118.15891455999997,38.77001458400008,399321.99997986894,4291893.000119475
2834,2834,1,"EPSG:4269:-118.158847976000,39.732554095000",DV166,Dixie Valley,1.7,positive_2mDAB_insufficient_repeat_dates,20111207,1,,,20111207:1.700,-118.15884797599995,39.73255409500007,400694.99999757484,4398716.00007652
3495,3495,1,"EPSG:4269:-118.158396903000,38.783554691000",GV132,Gabbs Valley,2.2,positive_2mDAB_insufficient_repeat_dates,20161230,1,,,20161230:0.450,-118.15839690299998,38.78355469100006,399385.99999534606,4293395.000112775
3457,3457,1,"EPSG:4269:-118.158218190000,38.764677778000",GV094,Gabbs Valley,3.7,positive_2mDAB_insufficient_repeat_dates,20161215,1,,,20161215:0.550,-118.15821818999996,38.76467777800008,399374.99998589675,4291300.000140463
2421,2421,1,"EPSG:4269:-118.158184176000,39.985742012000",BV 36,Buena Vista Valley,0.5,positive_2mDAB_insufficient_repeat_dates,20100502,1,,,20100502:1.050,-118.15818417599996,39.98574201200006,401115.9999773522,4426817.000063541
3287,3287,1,"EPSG:4269:-118.157289788000,38.767768846000",GV16108,Gabbs Valley,5.1,positive_2mDAB_insufficient_repeat_dates,20160818,1,,,20160818:5.100,-118.15728978799996,38.767768846000024,399459.99998917524,4291642.000130883
3443,3443,1,"EPSG:4269:-118.157289351000,38.767741816000",GV080,Gabbs Valley,4.6,positive_2mDAB_insufficient_repeat_dates,20161214,1,,,20161214:3.250,-118.15728935099997,38.76774181600007,399460.00001237786,4291639.00008859
3489,3489,1,"EPSG:4269:-118.157254825000,38.767742158000",GV126,Gabbs Valley,4.6,positive_2mDAB_insufficient_repeat_dates,20161229,1,,,20161229:4.300,-118.15725482499994,38.76774215800003,399463.00004224764,4291639.000099136
3484,3484,1,"EPSG:4269:-118.157083432000,38.773520106000",GV121,Gabbs Valley,2.3,positive_2mDAB_insufficient_repeat_dates,20161215,1,,,20161215:-0.900,-118.15708343199998,38.773520106000035,399485.9999929247,4292280.000132234
2422,2422,1,"EPSG:4269:-118.156215174000,39.979409971000",BV 37,Buena Vista Valley,0.4,positive_2mDAB_insufficient_repeat_dates,20100502,1,,,20100502:0.950,-118.15621517399995,39.97940997100005,401274.999993513,4426112.000141867
3458,3458,1,"EPSG:4269:-118.156166807000,38.765941653000",GV095,Gabbs Valley,3.8,positive_2mDAB_insufficient_repeat_dates,20161215,1,,,20161215:0.650,-118.15616680699998,38.76594165300003,399554.9999686591,4291438.000167135
3461,3461,1,"EPSG:4269:-118.155865568000,38.770098849000",GV098,Gabbs Valley,4.2,positive_2mDAB_insufficient_repeat_dates,20161215,1,,,20161215:1.050,-118.15586556799997,38.77009884900008,399587.00004375394,4291899.000106557
2832,2832,1,"EPSG:4269:-118.155183453000,39.736726156000",DV164,Dixie Valley,0.9,positive_2mDAB_insufficient_repeat_dates,20111207,1,,,20111207:0.900,-118.15518345299995,39.73672615600003,401015.00003245176,4399175.000154401
2608,2608,1,"EPSG:4269:-118.154835570000,39.495728679000",DV059,Dixie / Fairview Valley,1.6,positive_2mDAB_insufficient_repeat_dates,20101214,1,,,20101214:1.500,-118.15483556999999,39.49572867900008,400701.0000216418,4372427.000155212
3459,3459,1,"EPSG:4269:-118.154529766000,38.767922304000",GV096,Gabbs Valley,3.9,positive_2mDAB_insufficient_repeat_dates,20161215,1,,,20161215:0.750,-118.15452976599994,38.76792230400008,399699.9999615808,4291656.000099672
3492,3492,1,"EPSG:4269:-118.154510994000,38.779610157000",GV129,Gabbs Valley,0.3,positive_2mDAB_insufficient_repeat_dates,20161229,1,,,20161229:-1.650,-118.15451099399996,38.779610157000036,399718.0000192682,4292953.000148816
3483,3483,1,"EPSG:4269:-118.154292617000,38.773205276000",GV120,Gabbs Valley,3.5,positive_2mDAB_insufficient_repeat_dates,20161215,1,,,20161215:0.350,-118.15429261699995,38.773205276000056,399727.99997773167,4292242.000068141
2835,2835,1,"EPSG:4269:-118.153750852000,39.730595666000",DV167,Dixie Valley,0.5,positive_2mDAB_insufficient_repeat_dates,20111207,1,,,20111207:0.500,-118.15375085199997,39.730595666000056,401128.99996080436,4398493.000103605
3452,3452,1,"EPSG:4269:-118.153251837000,38.760041003000",GV089,Gabbs Valley,3.2,positive_2mDAB_insufficient_repeat_dates,20161214,1,,,20161214:1.850,-118.15325183699997,38.760041003000026,399799.9999745032,4290780.000162063
3490,3490,1,"EPSG:4269:-118.152965054000,38.755808506000",GV127,Gabbs Valley,3.6,positive_2mDAB_insufficient_repeat_dates,20161229,1,,,20161229:3.300,-118.15296505399999,38.75580850600005,399819.00003405823,4290310.000157501
3442,3442,1,"EPSG:4269:-118.152630267000,38.767905009000",GV079,Gabbs Valley,3.5,positive_2mDAB_insufficient_repeat_dates,20161214,1,,,20161214:2.150,-118.15263026699995,38.76790500900006,399864.99999233644,4291652.000085037
3480,3480,1,"EPSG:4269:-118.152324781000,38.766087735000",GV117,Gabbs Valley,3.5,positive_2mDAB_insufficient_repeat_dates,20161215,1,,,20161215:0.350,-118.15232478099995,38.76608773500004,399888.99998574506,4291450.000085657
3460,3460,1,"EPSG:4269:-118.152141946000,38.769748133000",GV097,Gabbs Valley,5.3,positive_2mDAB_insufficient_repeat_dates,20161215,1,,,20161215:2.150,-118.15214194599997,38.769748133000064,399910.0000042996,4291856.000073929
3266,3266,1,"EPSG:4269:-118.151305532000,38.775000961000",GV16087,Gabbs Valley,3.0,positive_2mDAB_insufficient_repeat_dates,20160816,1,,,20160816:2.700,-118.15130553199998,38.775000961000046,399989.9999986009,4292438.000152878
2904,2904,1,"EPSG:4269:-118.151071398000,38.873478053000",GV166,Gabbs Valley,1.5,positive_2mDAB_insufficient_repeat_dates,20120216,1,,,20120216:1.600,-118.15107139799994,38.87347805300004,400147.99996728316,4303366.000062615
2758,2758,1,"EPSG:4269:-118.150311242000,39.509811466000",DV090,Dixie / Fairview Valley,0.2,positive_2mDAB_insufficient_repeat_dates,20110627,1,,,20110627:0.200,-118.15031124199999,39.50981146600003,401109.9999718509,4373985.0001418535
2830,2830,1,"EPSG:4269:-118.150264104000,39.733540462000",DV162,Dixie Valley,1.9,positive_2mDAB_insufficient_repeat_dates,20111207,1,,,20111207:1.900,-118.15026410399997,39.733540462000065,401431.9999868976,4398816.0000787545
3482,3482,1,"EPSG:4269:-118.150133875000,38.772291082000",GV119,Gabbs Valley,3.9,positive_2mDAB_insufficient_repeat_dates,20161215,1,,,20161215:0.750,-118.150133875,38.77229108200004,400087.99998033117,4292136.000095749
2831,2831,1,"EPSG:4269:-118.149337740000,39.735378644000",DV163,Dixie Valley,0.6,positive_2mDAB_insufficient_repeat_dates,20111207,1,,,20111207:0.600,-118.14933773999996,39.735378644000036,401514.0000332965,4399019.000080556
2752,2752,1,"EPSG:4269:-118.149102583000,39.558568496000",DV084,Dixie / Fairview Valley,0.2,positive_2mDAB_insufficient_repeat_dates,20110627,1,,,20110627:0.200,-118.14910258299994,39.55856849600008,401282.9999870331,4379395.000130589
2871,2871,1,"EPSG:4269:-118.149034493000,38.867965257000",GV133,Gabbs Valley,1.9,positive_2mDAB_insufficient_repeat_dates,20120113,1,,,20120113:2.600,-118.14903449299999,38.86796525700004,400316.9999718526,4302752.000074002
2761,2761,1,"EPSG:4269:-118.149011669000,39.489524266000",DV093,Dixie / Fairview Valley,1.3,positive_2mDAB_insufficient_repeat_dates,20110627,1,,,20110627:1.300,-118.14901166899995,39.489524266000046,401192.99999650405,4371732.000153445
2611,2611,1,"EPSG:4269:-118.148981304000,39.472134764000",DV062,Dixie / Fairview Valley,0.6,positive_2mDAB_insufficient_repeat_dates,20101214,1,,,20101214:0.500,-118.14898130399996,39.47213476400003,401171.0000322613,4369802.000150156
3481,3481,1,"EPSG:4269:-118.147916300000,38.769672571000",GV118,Gabbs Valley,3.0,positive_2mDAB_insufficient_repeat_dates,20161215,1,,,20161215:-0.200,-118.14791629999996,38.76967257100006,400276.9999715051,4291843.000145306
2836,2836,1,"EPSG:4269:-118.147661130000,39.729277521000",DV168,Dixie Valley,0.6,positive_2mDAB_insufficient_repeat_dates,20111208,1,,,20111208:0.800,-118.14766112999996,39.72927752100003,401649.0000284651,4398340.000096535
3453,3453,1,"EPSG:4269:-118.146659683000,38.759484085000",GV090,Gabbs Valley,2.8,positive_2mDAB_insufficient_repeat_dates,20161214,1,,,20161214:1.450,-118.14665968299994,38.759484085000054,400371.99995975767,4290711.000133918
3441,3441,1,"EPSG:4269:-118.146647055000,38.767324065000",GV078,Gabbs Valley,3.1,positive_2mDAB_insufficient_repeat_dates,20161214,1,,,20161214:1.750,-118.14664705499996,38.767324065000025,400384.0000158306,4291581.000092905
3275,3275,1,"EPSG:4269:-118.146085484000,38.780423013000",GV16096,Gabbs Valley,1.2,positive_2mDAB_insufficient_repeat_dates,20160818,1,,,20160818:1.200,-118.14608548399997,38.780423013000075,400451.0000054379,4293034.000080073
2757,2757,1,"EPSG:4269:-118.145619729000,39.518075110000",DV089,Dixie / Fairview Valley,0.7,positive_2mDAB_insufficient_repeat_dates,20110627,1,,,20110627:0.700,-118.14561972899997,39.51807511000004,401524.9999966048,4374897.000144738
2899,2899,1,"EPSG:4269:-118.144802643000,38.871458100000",GV161,Gabbs Valley,6.0,positive_2mDAB_insufficient_repeat_dates,20120216,1,,,20120216:6.100,-118.14480264299999,38.87145810000004,400689.0000170661,4303135.000100933
2906,2906,1,"EPSG:4269:-118.144455731000,38.862044820000",GV168,Gabbs Valley,2.0,positive_2mDAB_insufficient_repeat_dates,20120217,1,,,20120217:1.900,-118.144455731,38.86204482000005,400705.9999978423,4302090.000072926
2905,2905,1,"EPSG:4269:-118.144024263000,38.868203684000",GV167,Gabbs Valley,4.0,positive_2mDAB_insufficient_repeat_dates,20120217,1,,,20120217:3.900,-118.14402426299995,38.868203684000036,400751.9999970991,4302773.000120611
2837,2837,1,"EPSG:4269:-118.143964422000,39.720943815000",DV169,Dixie Valley,1.3,positive_2mDAB_insufficient_repeat_dates,20111208,1,,,20111208:1.500,-118.14396442199995,39.720943815000055,401953.9999973881,4397411.000080741
2618,2618,1,"EPSG:4269:-118.143493512000,39.520366617000",DV069,Dixie / Fairview Valley,1.6,positive_2mDAB_insufficient_repeat_dates,20101215,1,,,20101215:1.600,-118.14349351199996,39.520366617000036,401710.9999968119,4375149.000066726
2610,2610,1,"EPSG:4269:-118.143454354000,39.458349447000",DV061,Dixie / Fairview Valley,0.1,positive_2mDAB_insufficient_repeat_dates,20101214,1,,,20101214:-0.500,-118.14345435399997,39.458349447000046,401627.0000051058,4368266.0001627235
2754,2754,1,"EPSG:4269:-118.142478049000,39.540748642000",DV086,Dixie / Fairview Valley,0.1,positive_2mDAB_insufficient_repeat_dates,20110627,1,,,20110627:0.050,-118.14247804899998,39.54074864200004,401826.99997910816,4377410.0001301095
2838,2838,1,"EPSG:4269:-118.142329370000,39.727915559000",DV170,Dixie Valley,1.4,positive_2mDAB_insufficient_repeat_dates,20111208,1,,,20111208:1.600,-118.14232936999997,39.72791555900005,402104.00003464875,4398183.000082528
2613,2613,1,"EPSG:4269:-118.142281881000,39.547237892000",DV064,Dixie / Fairview Valley,1.0,positive_2mDAB_insufficient_repeat_dates,20101215,1,,,20101215:1.000,-118.14228188099997,39.547237892000055,401853.0000186219,4378130.000072045
3265,3265,1,"EPSG:4269:-118.141850441000,38.773300480000",GV16086,Gabbs Valley,0.6,positive_2mDAB_insufficient_repeat_dates,20160816,1,,,20160816:0.300,-118.14185044099997,38.773300480000046,400808.999962,4292239.000063995
2756,2756,1,"EPSG:4269:-118.141810727000,39.524879250000",DV088,Dixie / Fairview Valley,0.8,positive_2mDAB_insufficient_repeat_dates,20110627,1,,,20110627:0.800,-118.14181072699995,39.524879250000026,401861.99997105566,4375648.000063585
2853,2853,1,"EPSG:4269:-118.141376471000,38.874897861000",GV115,Gabbs Valley,3.2,persistent_repeat_residual,20120106;20120113;20120216;20120217;20120406,4,3.249999999999999,1.0,20120106:3.200;20120113:5.000;20120216:3.300;20120217:3.000,-118.14137647099994,38.87489786100008,400991.0000278195,4303513.000072495
2901,2901,1,"EPSG:4269:-118.140870658000,38.865612284000",GV163,Gabbs Valley,2.4,positive_2mDAB_insufficient_repeat_dates,20120216,1,,,20120216:2.500,-118.14087065799998,38.865612284000065,401021.9999985266,4302482.000167702
2839,2839,1,"EPSG:4269:-118.139984862000,39.732218307000",DV171,Dixie Valley,1.5,positive_2mDAB_insufficient_repeat_dates,20111208,1,,,20111208:1.700,-118.13998486199995,39.73221830700004,402310.9999900562,4398658.000156472
2768,2768,1,"EPSG:4269:-118.139336421000,39.495917646000",DV100,Dixie / Fairview Valley,0.6,positive_2mDAB_insufficient_repeat_dates,20110628,1,,,20110628:0.900,-118.13933642099994,39.495917646000066,402034.00002752396,4372431.0000814535
2755,2755,1,"EPSG:4269:-118.139082199000,39.530204017000",DV087,Dixie / Fairview Valley,0.6,positive_2mDAB_insufficient_repeat_dates,20110627,1,,,20110627:0.600,-118.13908219899997,39.530204017000074,402103.9999852143,4376236.000110601
2851,2851,1,"EPSG:4269:-118.139034987000,38.934709535000",GV113,Gabbs Valley,0.8,positive_2mDAB_insufficient_repeat_dates,20120105,0,,,,-118.13903498699995,38.934709535000025,401277.0000385551,4310148.000088868
3454,3454,1,"EPSG:4269:-118.138663169000,38.758904440000",GV091,Gabbs Valley,1.5,positive_2mDAB_insufficient_repeat_dates,20161214,1,,,20161214:0.150,-118.13866316899998,38.75890444000004,401066.0000306151,4290638.000103147
2900,2900,1,"EPSG:4269:-118.138110110000,38.869586117000",GV162,Gabbs Valley,3.6,positive_2mDAB_insufficient_repeat_dates,20120216,1,,,20120216:3.700,-118.13811010999996,38.86958611700004,401267.00003521144,4302920.000067227
2812,2812,1,"EPSG:4269:-118.137278253000,39.705269180000",DV144,Dixie Valley,1.0,positive_2mDAB_insufficient_repeat_dates,20111206,1,,,20111206:1.000,-118.13727825299998,39.70526918000007,402505.00002689695,4395664.0000616815
2811,2811,1,"EPSG:4269:-118.137234856000,39.714702997000",DV143,Dixie Valley,0.4,positive_2mDAB_insufficient_repeat_dates,20111206,1,,,20111206:0.400,-118.13723485599996,39.714702997000074,402522.0000085749,4396711.000124106
3440,3440,1,"EPSG:4269:-118.136717313000,38.766105418000",GV077,Gabbs Valley,1.3,positive_2mDAB_insufficient_repeat_dates,20161214,1,,,20161214:-0.150,-118.13671731299996,38.76610541800005,401244.99996419647,4291435.000107342
2884,2884,1,"EPSG:4269:-118.135804120000,38.873167984000",GV146,Gabbs Valley,2.7,positive_2mDAB_insufficient_repeat_dates,20120214,1,,,20120214:2.600,-118.13580411999999,38.87316798400008,401471.9999862621,4303315.000102907
2897,2897,1,"EPSG:4269:-118.135357875000,38.863232991000",GV159,Gabbs Valley,0.3,positive_2mDAB_insufficient_repeat_dates,20120216,1,,,20120216:0.400,-118.13535787499995,38.863232991000075,401497.00003575126,4302212.000129561
2856,2856,1,"EPSG:4269:-118.134650406000,38.911512615000",GV118,Gabbs Valley,0.9,positive_2mDAB_insufficient_repeat_dates,20120106,1,,,20120106:0.900,-118.13465040599999,38.91151261500005,401624.99997966504,4307569.00014907
2810,2810,1,"EPSG:4269:-118.134165256000,39.723878088000",DV142,Dixie Valley,0.4,positive_2mDAB_insufficient_repeat_dates,20111206,1,,,20111206:0.400,-118.13416525599996,39.72387808800005,402798.00001247035,4397726.000157516
2916,2916,1,"EPSG:4269:-118.133661791000,38.926940223000",GV178,Gabbs Valley,0.1,positive_2mDAB_insufficient_repeat_dates,20120405,1,,,20120405:0.100,-118.13366179099995,38.92694022300003,401731.99998496496,4309280.000142547
2896,2896,1,"EPSG:4269:-118.133442700000,38.867468830000",GV158,Gabbs Valley,4.8,positive_2mDAB_insufficient_repeat_dates,20120216,1,,,20120216:4.900,-118.13344269999999,38.867468830000064,401668.9999797097,4302680.000072883
3455,3455,1,"EPSG:4269:-118.131634312000,38.756188203000",GV092,Gabbs Valley,0.6,positive_2mDAB_insufficient_repeat_dates,20161214,1,,,20161214:-0.850,-118.13163431199996,38.75618820300008,401672.9999574888,4290329.000059722
2769,2769,1,"EPSG:4269:-118.131156633000,39.494943322000",DV101,Dixie / Fairview Valley,1.0,positive_2mDAB_insufficient_repeat_dates,20110628,1,,,20110628:1.300,-118.13115663299999,39.49494332200004,402735.99997772195,4372314.000095927
2861,2861,1,"EPSG:4269:-118.130277992000,38.871428380000",GV123,Gabbs Valley,1.5,positive_2mDAB_insufficient_repeat_dates,20120106,1,,,20120106:1.600,-118.13027799199995,38.871428380000054,401948.99998438515,4303116.000079109
2911,2911,1,"EPSG:4269:-118.129866053000,38.847588737000",GV173,Gabbs Valley,0.5,positive_2mDAB_insufficient_repeat_dates,20120217,1,,,20120217:0.400,-118.12986605299994,38.84758873700008,401952.00000260177,4300470.000071619
2878,2878,1,"EPSG:4269:-118.129491807000,38.852341266000",GV140,Gabbs Valley,2.1,positive_2mDAB_insufficient_repeat_dates,20120113,1,,,20120113:2.800,-118.12949180699997,38.85234126600005,401991.0000129312,4300997.000098008
2617,2617,1,"EPSG:4269:-118.129097283000,39.609752846000",DV068,Dixie / Fairview Valley,0.9,positive_2mDAB_insufficient_repeat_dates,20101215,1,,,20101215:0.900,-118.12909728299996,39.60975284600005,403073.0000106876,4385054.000062767
2921,2921,1,"EPSG:4269:-118.128801538000,38.897593052000",GV183,Gabbs Valley,0.4,positive_2mDAB_insufficient_repeat_dates,20120405,1,,,20120405:0.400,-118.12880153799995,38.89759305200005,402113.00002326467,4306018.000077268
2855,2855,1,"EPSG:4269:-118.127815926000,38.919112137000",GV117,Gabbs Valley,0.1,positive_2mDAB_insufficient_repeat_dates,20120106,1,,,20120106:0.100,-118.12781592599998,38.91911213700007,402228.00000843836,4308405.000148733
2895,2895,1,"EPSG:4269:-118.127501052000,38.865661034000",GV157,Gabbs Valley,4.6,positive_2mDAB_insufficient_repeat_dates,20120216,1,,,20120216:4.700,-118.12750105199996,38.86566103400003,402182.00003840664,4302473.000153464
2809,2809,1,"EPSG:4269:-118.127394716000,39.732278200000",DV141,Dixie Valley,0.2,positive_2mDAB_insufficient_repeat_dates,20111206,1,,,20111206:0.200,-118.12739471599997,39.73227820000005,403389.9999694337,4398651.000112243
2879,2879,1,"EPSG:4269:-118.127057868000,38.875550580000",GV141,Gabbs Valley,0.1,positive_2mDAB_insufficient_repeat_dates,20120214,1,,,20120214:0.000,-118.12705786799995,38.87555058000004,402233.99996353727,4303570.000138138
2770,2770,1,"EPSG:4269:-118.125396601000,39.493287274000",DV102,Dixie / Fairview Valley,0.7,positive_2mDAB_insufficient_repeat_dates,20110628,1,,,20110628:1.000,-118.12539660099998,39.49328727400007,403228.99997869856,4372124.000080806
3488,3488,1,"EPSG:4269:-118.125009735000,38.770390957000",GV125,Gabbs Valley,0.3,positive_2mDAB_insufficient_repeat_dates,20161229,1,,,20161229:-1.650,-118.12500973499999,38.770390957000075,402268.00001878175,4291898.000077544
2914,2914,1,"EPSG:4269:-118.124954735000,38.860603277000",GV176,Gabbs Valley,0.7,positive_2mDAB_insufficient_repeat_dates,20120217,1,,,20120217:0.700,-118.12495473499996,38.86060327700005,402395.99996465334,4301909.000167003
2885,2885,1,"EPSG:4269:-118.124810605000,38.869742014000",GV147,Gabbs Valley,0.3,positive_2mDAB_insufficient_repeat_dates,20120214,1,,,20120214:0.200,-118.124810605,38.86974201400005,402421.0000400444,4302923.000078982
2912,2912,1,"EPSG:4269:-118.124741133000,38.854360569000",GV174,Gabbs Valley,0.5,positive_2mDAB_insufficient_repeat_dates,20120217,1,,,20120217:0.400,-118.12474113299999,38.85436056900005,402405.99996558577,4301216.000071333
2920,2920,1,"EPSG:4269:-118.123517262000,38.905456682000",GV182,Gabbs Valley,0.9,positive_2mDAB_insufficient_repeat_dates,20120405,1,,,20120405:1.000,-118.12351726199995,38.90545668200008,402581.9999662724,4306885.000105447
2894,2894,1,"EPSG:4269:-118.122340646000,38.865872945000",GV156,Gabbs Valley,1.2,positive_2mDAB_insufficient_repeat_dates,20120216,1,,,20120216:1.300,-118.12234064599994,38.865872945000035,402630.00002376904,4302491.000060494
2865,2865,1,"EPSG:4269:-118.122191982000,38.878408931000",GV127,Gabbs Valley,0.3,positive_2mDAB_insufficient_repeat_dates,20120106,1,,,20120106:0.300,-118.12219198199995,38.878408931000024,402659.999997997,4303882.000076036
2862,2862,1,"EPSG:4269:-118.119829354000,38.868167875000",GV124,Gabbs Valley,0.4,positive_2mDAB_insufficient_repeat_dates,20120106,1,,,20120106:0.400,-118.11982935399999,38.86816787500004,402851.00001419237,4302743.000105348
2854,2854,1,"EPSG:4269:-118.118886406000,38.925622992000",GV116,Gabbs Valley,0.7,positive_2mDAB_insufficient_repeat_dates,20120106,1,,,20120106:0.800,-118.11888640599994,38.92562299200006,403011.00000839145,4309118.000151735
2886,2886,1,"EPSG:4269:-118.113979195000,38.867034351000",GV148,Gabbs Valley,0.3,positive_2mDAB_insufficient_repeat_dates,20120214,1,,,20120214:0.100,-118.11397919499996,38.86703435100003,403357.000024003,4302611.000082946
2887,2887,1,"EPSG:4269:-118.113516252000,38.871346117000",GV149,Gabbs Valley,0.1,positive_2mDAB_insufficient_repeat_dates,20120214,1,,,20120214:0.000,-118.11351625199995,38.87134611700003,403403.00003800343,4303089.000067651
2915,2915,1,"EPSG:4269:-118.113409284000,38.861533942000",GV177,Gabbs Valley,0.3,positive_2mDAB_insufficient_repeat_dates,20120217,1,,,20120217:0.100,-118.11340928399994,38.86153394200005,403398.99999908044,4302000.000079994
2888,2888,1,"EPSG:4269:-118.110356148000,38.865311673000",GV150,Gabbs Valley,0.7,positive_2mDAB_insufficient_repeat_dates,20120214,1,,,20120214:0.600,-118.110356148,38.865311673000065,403669.0000229664,4302416.000154792
2917,2917,1,"EPSG:4269:-118.109506198000,38.920341904000",GV179,Gabbs Valley,0.1,positive_2mDAB_insufficient_repeat_dates,20120405,1,,,20120405:0.100,-118.10950619799996,38.920341904000054,403816.9999770473,4308522.000089164
2863,2863,1,"EPSG:4269:-118.108459028000,38.868582739000",GV125,Gabbs Valley,1.7,positive_2mDAB_insufficient_repeat_dates,20120106,1,,,20120106:1.700,-118.10845902799997,38.86858273900003,403837.999983339,4302777.000109785
2924,2924,1,"EPSG:4269:-118.108007270000,38.901838258000",GV186,Gabbs Valley,0.3,positive_2mDAB_insufficient_repeat_dates,20120405,1,,,20120405:0.300,-118.10800726999997,38.901838258000055,403921.9999679054,4306467.000069845
2867,2867,1,"EPSG:4269:-118.107593661000,38.890803515000",GV129,Gabbs Valley,0.1,positive_2mDAB_insufficient_repeat_dates,20120106,1,,,20120106:0.100,-118.10759366099995,38.89080351500007,403942.9999845497,4305242.00012354
2805,2805,1,"EPSG:4269:-118.103066172000,39.753622121000",DV137,Dixie Valley,0.5,positive_2mDAB_insufficient_repeat_dates,20111205,0,,,,-118.10306617199996,39.753622121000035,405503.9999830112,4400994.00016361
1434,1434,1,"EPSG:4269:-118.100458607000,38.018878375000",CM088,Columbus Marsh,0.3,positive_2mDAB_insufficient_repeat_dates,20090504,0,,,,-118.10045860699995,38.01887837500004,403405.9999711431,4208481.000145121
2806,2806,1,"EPSG:4269:-118.098504192000,39.761837345000",DV138,Dixie Valley,1.1,positive_2mDAB_insufficient_repeat_dates,20111206,1,,,20111206:1.100,-118.09850419199995,39.76183734500006,405906.00001364935,4401901.000137443
1433,1433,1,"EPSG:4269:-118.088060183000,38.020174401000",CM087,Columbus Marsh,1.4,positive_2mDAB_insufficient_repeat_dates,20090504,0,,,,-118.08806018299998,38.02017440100008,404495.99997363664,4208612.000135609
1414,1414,1,"EPSG:4269:-118.084861677000,38.013408547000",CM068,Columbus Marsh,0.3,positive_2mDAB_insufficient_repeat_dates,20090502,1,,,20090502:-0.300,-118.08486167699999,38.01340854700004,404767.9999839038,4207858.000088812
1415,1415,1,"EPSG:4269:-118.079496763000,38.018099355000",CM069,Columbus Marsh,0.5,positive_2mDAB_insufficient_repeat_dates,20090502,1,,,20090502:-0.100,-118.07949676299995,38.01809935500006,405244.99997757765,4208373.000125768
1432,1432,1,"EPSG:4269:-118.076787884000,38.026830248000",CM086,Columbus Marsh,1.6,positive_2mDAB_insufficient_repeat_dates,20090504,0,,,,-118.07678788399994,38.02683024800007,405493.9999956473,4209339.000079794
1387,1387,1,"EPSG:4269:-118.074574767000,38.032879839000",CM041,Columbus Marsh,1.0,positive_2mDAB_insufficient_repeat_dates,20090409,1,,,20090409:1.700,-118.07457476699994,38.03287983900003,405696.00001514953,4210008.000147061
1416,1416,1,"EPSG:4269:-118.072462822000,38.026356071000",CM070,Columbus Marsh,2.6,positive_2mDAB_insufficient_repeat_dates,20090502,1,,,20090502:2.100,-118.07246282199998,38.026356071000066,405873.00000772934,4209282.000135319
1435,1435,1,"EPSG:4269:-118.072326250000,38.026366329000",CM089,Columbus Marsh,3.5,positive_2mDAB_insufficient_repeat_dates,20090504,0,,,,-118.07232624999995,38.02636632900004,405885.0000072887,4209283.000110389
1377,1377,1,"EPSG:4269:-118.070578518000,38.029969222000",CM031,Columbus Marsh,2.5,positive_2mDAB_insufficient_repeat_dates,20090409,1,,,20090409:3.200,-118.07057851799999,38.029969222000034,406043.0000247854,4209681.000156319
1428,1428,1,"EPSG:4269:-118.070497085000,38.059593884000",CM082,Columbus Marsh,0.4,positive_2mDAB_insufficient_repeat_dates,20090503,1,,,20090503:1.500,-118.07049708499994,38.05959388400004,406088.00003040885,4212968.000159279
2316,2316,1,"EPSG:4269:-118.070470935000,38.026491386000",CM099,Columbus Marsh,0.9,positive_2mDAB_insufficient_repeat_dates,20100318,1,,,20100318:3.350,-118.07047093499995,38.02649138600003,406048.0000251315,4209295.000070133
2313,2313,1,"EPSG:4269:-118.069279370000,38.028385837000",CM096,Columbus Marsh,1.0,positive_2mDAB_insufficient_repeat_dates,20100318,1,,,20100318:3.350,-118.06927936999995,38.02838583700003,406154.9999884523,4209504.00008817
2312,2312,1,"EPSG:4269:-118.067546757000,38.025193141000",CM095,Columbus Marsh,1.0,positive_2mDAB_insufficient_repeat_dates,20100318,1,,,20100318:3.450,-118.06754675699995,38.025193141000045,406302.9999770717,4209148.000136982
2311,2311,1,"EPSG:4269:-118.066583344000,38.027896616000",CM094,Columbus Marsh,1.3,persistent_repeat_residual,20100318;20100524;20100605;20130217,2,3.0250000000000004,1.0,20100318:3.650;20100605:2.400,-118.06658334399998,38.02789661600008,406391.0000222961,4209447.000105404
2314,2314,1,"EPSG:4269:-118.066129788000,38.030406198000",CM097,Columbus Marsh,1.0,positive_2mDAB_insufficient_repeat_dates,20100318,1,,,20100318:3.450,-118.06612978799996,38.03040619800004,406434.0000356992,4209725.000097006
1348,1348,1,"EPSG:4269:-118.065749115000,37.961617047000",CM002,Columbus Marsh,0.1,positive_2mDAB_insufficient_repeat_dates,20090409,1,,,20090409:-1.000,-118.06574911499996,37.96161704700006,406380.0000252686,4202092.000111003
2315,2315,1,"EPSG:4269:-118.064019445000,38.027874786000",CM098,Columbus Marsh,0.3,positive_2mDAB_insufficient_repeat_dates,20100318,1,,,20100318:2.650,-118.06401944499999,38.02787478600004,406615.99996208475,4209442.000111488
1431,1431,1,"EPSG:4269:-118.063511860000,38.067615270000",CM085,Columbus Marsh,0.8,positive_2mDAB_insufficient_repeat_dates,20090503,1,,,20090503:1.900,-118.06351185999995,38.06761527000003,406711.0000161058,4213851.000146887
1413,1413,1,"EPSG:4269:-118.063396887000,38.025005437000",CM067,Columbus Marsh,1.7,positive_2mDAB_insufficient_repeat_dates,20090502,1,,,20090502:1.100,-118.06339688699995,38.02500543700006,406666.99999364297,4209123.000091147
1412,1412,1,"EPSG:4269:-118.062219983000,38.029504292000",CM066,Columbus Marsh,2.2,positive_2mDAB_insufficient_repeat_dates,20090502,1,,,20090502:1.700,-118.06221998299998,38.02950429200007,406775.9999737098,4209621.000128428
1411,1411,1,"EPSG:4269:-118.061659473000,38.034087692000",CM065,Columbus Marsh,0.6,positive_2mDAB_insufficient_repeat_dates,20090502,1,,,20090502:0.100,-118.06165947299996,38.03408769200007,406830.99998470873,4210129.00010976
1427,1427,1,"EPSG:4269:-118.058818888000,38.059176947000",CM081,Columbus Marsh,1.7,positive_2mDAB_insufficient_repeat_dates,20090503,1,,,20090503:2.900,-118.05881888799996,38.059176947000026,407112.0000223154,4212910.000107749
588,588,1,"EPSG:4269:-118.058296957000,38.312660138000",RM051,Rhodes Marsh,0.6,positive_2mDAB_insufficient_repeat_dates,20080526,1,,,20080526:0.550,-118.05829695699998,38.31266013800007,407478.9999701592,4241036.000094545
1417,1417,1,"EPSG:4269:-118.054861963000,38.055093841000",CM071,Columbus Marsh,1.1,positive_2mDAB_insufficient_repeat_dates,20090503,1,,,20090503:2.300,-118.05486196299995,38.05509384100003,407454.00002191064,4212453.000137633
1379,1379,1,"EPSG:4269:-118.052962492000,38.058553626000",CM033,Columbus Marsh,2.1,positive_2mDAB_insufficient_repeat_dates,20090409,1,,,20090409:2.800,-118.05296249199995,38.05855362600005,407624.99999224755,4212835.0001236545
589,589,1,"EPSG:4269:-118.050284655000,38.309893360000",RM052,Rhodes Marsh,1.2,positive_2mDAB_insufficient_repeat_dates,20080526,1,,,20080526:1.150,-118.05028465499998,38.309893360000046,408176.00003595394,4240721.000105788
583,583,1,"EPSG:4269:-118.047437699000,38.305989555000",RM046,Rhodes Marsh,1.1,positive_2mDAB_insufficient_repeat_dates,20080526,1,,,20080526:1.050,-118.04743769899994,38.30598955500005,408419.99999495375,4240285.000130336
584,584,1,"EPSG:4269:-118.044676753000,38.309655057000",RM047,Rhodes Marsh,2.2,positive_2mDAB_insufficient_repeat_dates,20080526,1,,,20080526:2.150,-118.04467675299998,38.30965505700004,408665.99998991756,4240689.000153294
585,585,1,"EPSG:4269:-118.044062677000,38.314689260000",RM048,Rhodes Marsh,0.5,positive_2mDAB_insufficient_repeat_dates,20080526,1,,,20080526:0.400,-118.04406267699994,38.31468926000008,408726.0000214271,4241247.000163057
361,361,1,"EPSG:4269:-118.041340322000,38.285090722000",RM013,Rhodes Marsh,0.1,positive_2mDAB_insufficient_repeat_dates,20071202,1,,,20071202:0.550,-118.04134032199994,38.285090722000064,408926.9999988271,4237960.000088079
360,360,1,"EPSG:4269:-118.039479732000,38.292524188000",RM012,Rhodes Marsh,1.0,positive_2mDAB_insufficient_repeat_dates,20071202,1,,,20071202:1.450,-118.03947973199996,38.29252418800007,409099.0000377134,4238783.000120804
364,364,1,"EPSG:4269:-118.039063614000,38.288202064000",RM016,Rhodes Marsh,1.0,positive_2mDAB_insufficient_repeat_dates,20071202,1,,,20071202:1.450,-118.03906361399999,38.288202064000075,409129.99996496487,4238303.000141285
581,581,1,"EPSG:4269:-118.038682349000,38.305571750000",RM044,Rhodes Marsh,4.4,positive_2mDAB_insufficient_repeat_dates,20080526,1,,,20080526:4.350,-118.03868234899994,38.30557175000007,409185.00002026814,4240230.000136364
365,365,1,"EPSG:4269:-118.038409074000,38.296030365000",RM017,Rhodes Marsh,1.9,positive_2mDAB_insufficient_repeat_dates,20071202,1,,,20071202:2.350,-118.03840907399996,38.296030365000036,409196.99995810905,4239171.000068675
359,359,1,"EPSG:4269:-118.038080081000,38.293005212000",RM011,Rhodes Marsh,1.1,positive_2mDAB_insufficient_repeat_dates,20071202,1,,,20071202:1.550,-118.03808008099998,38.293005212000025,409221.9999643032,4238835.000154382
1382,1382,1,"EPSG:4269:-118.037995984000,38.082731926000",CM036,Columbus Marsh,0.3,positive_2mDAB_insufficient_repeat_dates,20090409,1,,,20090409:1.000,-118.03799598399996,38.082731926000065,408967.99998571095,4215503.000137282
367,367,1,"EPSG:4269:-118.037266305000,38.284036349000",RM019,Rhodes Marsh,2.1,positive_2mDAB_insufficient_repeat_dates,20071202,1,,,20071202:2.550,-118.03726630499995,38.284036349000075,409281.9999963391,4237839.000122772
579,579,1,"EPSG:4269:-118.037122056000,38.289165516000",RM042,Rhodes Marsh,1.7,positive_2mDAB_insufficient_repeat_dates,20080526,1,,,20080526:1.650,-118.03712205599999,38.289165516000025,409301.0000173697,4238408.000071704
350,350,1,"EPSG:4269:-118.037120774000,38.289075407000",RM002,Rhodes Marsh,2.5,persistent_repeat_residual,20071202;20080501;20080526,3,2.9000000000000004,0.6666666666666666,20071202:2.950;20080501:2.900;20080526:1.650,-118.03712077399996,38.28907540700004,409300.9999768595,4238398.000155533
366,366,1,"EPSG:4269:-118.036913890000,38.286589893000",RM018,Rhodes Marsh,3.8,positive_2mDAB_insufficient_repeat_dates,20071202,1,,,20071202:4.250,-118.03691389,38.28658989300004,409316.0000188516,4238122.000130789
580,580,1,"EPSG:4269:-118.036262329000,38.302682251000",RM043,Rhodes Marsh,6.3,positive_2mDAB_insufficient_repeat_dates,20080526,1,,,20080526:6.250,-118.03626232899995,38.30268225100008,409393.00002147316,4239907.0001145825
596,596,1,"EPSG:4269:-118.035546590000,38.281293833000",RM059,Rhodes Marsh,0.7,positive_2mDAB_insufficient_repeat_dates,20080526,1,,,20080526:0.650,-118.03554658999997,38.28129383300006,409429.00004077074,4237533.000105963
582,582,1,"EPSG:4269:-118.035054495000,38.307018717000",RM045,Rhodes Marsh,2.6,positive_2mDAB_insufficient_repeat_dates,20080526,1,,,20080526:2.550,-118.03505449499994,38.30701871700006,409503.99999182095,4240387.000093123
598,598,1,"EPSG:4269:-118.031711927000,38.289051004000",RM061,Rhodes Marsh,2.3,positive_2mDAB_insufficient_repeat_dates,20080526,1,,,20080526:2.250,-118.03171192699995,38.289051004000044,409773.9999985093,4238390.000094963
571,571,1,"EPSG:4269:-118.031364443000,38.305699409000",RM034,Rhodes Marsh,2.0,positive_2mDAB_insufficient_repeat_dates,20080501,1,,,20080501:2.900,-118.03136444299997,38.305699409000056,409824.999996013,4240237.0000812495
1361,1361,1,"EPSG:4269:-118.031331783000,38.014935712000",CM015,Columbus Marsh,0.5,positive_2mDAB_insufficient_repeat_dates,20090409,1,,,20090409:-0.600,-118.03133178299998,38.01493571200007,409468.9999809765,4207974.000122532
594,594,1,"EPSG:4269:-118.030773643000,38.277685955000",RM057,Rhodes Marsh,1.3,positive_2mDAB_insufficient_repeat_dates,20080526,1,,,20080526:1.250,-118.03077364299997,38.27768595500004,409842.0000102519,4237128.000137156
575,575,1,"EPSG:4269:-118.030015825000,38.303341080000",RM038,Rhodes Marsh,3.6,positive_2mDAB_insufficient_repeat_dates,20080501,1,,,20080501:4.500,-118.03001582499996,38.30334108000005,409940.0000440928,4239974.000099912
597,597,1,"EPSG:4269:-118.029782233000,38.294907807000",RM060,Rhodes Marsh,1.2,positive_2mDAB_insufficient_repeat_dates,20080526,1,,,20080526:1.150,-118.02978223299999,38.29490780700007,409949.99998376245,4239038.000162877
574,574,1,"EPSG:4269:-118.029311876000,38.284277641000",RM037,Rhodes Marsh,2.0,positive_2mDAB_insufficient_repeat_dates,20080501,1,,,20080501:2.900,-118.02931187599995,38.284277641000074,409977.99997964664,4237858.00012409
570,570,1,"EPSG:4269:-118.028845694000,38.301467822000",RM033,Rhodes Marsh,4.3,positive_2mDAB_insufficient_repeat_dates,20080501,1,,,20080501:5.200,-118.02884569399998,38.30146782200006,410039.99997045146,4239765.000130072
576,576,1,"EPSG:4269:-118.028130583000,38.298608245000",RM039,Rhodes Marsh,1.4,positive_2mDAB_insufficient_repeat_dates,20080501,1,,,20080501:2.300,-118.02813058299995,38.298608245000025,410098.99999563175,4239447.000144751
578,578,1,"EPSG:4269:-118.025854725000,38.306721033000",RM041,Rhodes Marsh,1.6,positive_2mDAB_insufficient_repeat_dates,20080501,1,,,20080501:2.500,-118.02585472499999,38.30672103300003,410307.99997914594,4240345.000132952
1353,1353,1,"EPSG:4269:-118.016628853000,37.972308160000",CM007,Columbus Marsh,0.7,positive_2mDAB_insufficient_repeat_dates,20090409,1,,,20090409:-0.400,-118.01662885299999,37.97230816000007,410708.0000144331,4203230.000160231
1359,1359,1,"EPSG:4269:-118.013014612000,38.000918220000",CM013,Columbus Marsh,1.1,positive_2mDAB_insufficient_repeat_dates,20090409,1,,,20090409:0.000,-118.01301461199995,38.000918220000074,411060.00003823236,4206401.000134472
1389,1389,1,"EPSG:4269:-118.009273700000,38.114237166000",CM043,Columbus Marsh,0.7,positive_2mDAB_insufficient_repeat_dates,20090409,1,,,20090409:1.400,-118.0092737,38.114237166000066,411525.0000200466,4218971.00009953
3215,3215,1,"EPSG:4269:-118.003401024000,40.524330349000",DG16037,Dun Glen,0.4,positive_2mDAB_insufficient_repeat_dates,20160726,1,,,20160726:1.100,-118.00340102399997,40.524330349000024,415008.0000092931,4486439.000128534
1358,1358,1,"EPSG:4269:-118.001430695000,38.002540562000",CM012,Columbus Marsh,1.4,positive_2mDAB_insufficient_repeat_dates,20090409,1,,,20090409:0.300,-118.00143069499995,38.002540562000036,412079.0000254672,4206570.000156906
3222,3222,1,"EPSG:4269:-117.996585676000,40.571892383000",DG16044,Dun Glen,0.1,positive_2mDAB_insufficient_repeat_dates,20160728,1,,,20160728:1.100,-117.99658567599994,40.57189238300003,415644.99997236906,4491712.000137328
1357,1357,1,"EPSG:4269:-117.990745901000,37.999071104000",CM011,Columbus Marsh,1.4,positive_2mDAB_insufficient_repeat_dates,20090409,1,,,20090409:0.300,-117.99074590099997,37.99907110400005,413012.99996924016,4206175.000132902
3390,3390,1,"EPSG:4269:-117.984534731000,40.600048754000",DG16203,Dun Glen,1.6,positive_2mDAB_insufficient_repeat_dates,20160911,1,,,20160911:1.000,-117.98453473099994,40.600048754000056,416699.99999979325,4494826.000079805
3389,3389,1,"EPSG:4269:-117.983086100000,40.604430292000",DG16202,Dun Glen,2.5,positive_2mDAB_insufficient_repeat_dates,20160911,1,,,20160911:1.900,-117.98308609999998,40.604430292000075,416827.9999625879,4495311.000078595
3388,3388,1,"EPSG:4269:-117.980397397000,40.610515969000",DG16201,Dun Glen,5.0,positive_2mDAB_insufficient_repeat_dates,20160911,1,,,20160911:4.400,-117.98039739699999,40.61051596900006,417062.99998673843,4495984.000159648
3385,3385,1,"EPSG:4269:-117.976563014000,40.595594083000",DG16198,Dun Glen,1.6,positive_2mDAB_insufficient_repeat_dates,20160911,1,,,20160911:0.900,-117.97656301399996,40.59559408300004,417369.0000162171,4494324.000131602
1391,1391,1,"EPSG:4269:-117.976468472000,38.130646605000",CM045,Columbus Marsh,0.9,positive_2mDAB_insufficient_repeat_dates,20090409,1,,,20090409:1.600,-117.97646847199997,38.13064660500004,414419.9999833277,4220761.000137815
3386,3386,1,"EPSG:4269:-117.974218079000,40.601766804000",DG16199,Dun Glen,0.6,positive_2mDAB_insufficient_repeat_dates,20160911,1,,,20160911:-0.100,-117.97421807899997,40.60176680400008,417575.0000198474,4495007.000067142
3387,3387,1,"EPSG:4269:-117.971192442000,40.608305546000",DG16200,Dun Glen,1.9,positive_2mDAB_insufficient_repeat_dates,20160911,1,,,20160911:1.300,-117.97119244199996,40.608305546000054,417838.99999479775,4495730.000164354
3392,3392,1,"EPSG:4269:-117.970865997000,40.614335076000",DG16205,Dun Glen,1.8,positive_2mDAB_insufficient_repeat_dates,20160911,1,,,20160911:1.200,-117.97086599699998,40.61433507600003,417874.00001772644,4496399.000157542
3393,3393,1,"EPSG:4269:-117.961835721000,40.617725818000",DG16206,Dun Glen,1.4,positive_2mDAB_insufficient_repeat_dates,20160911,1,,,20160911:0.800,-117.96183572099994,40.61772581800005,418641.9999999115,4496767.000120508
1393,1393,1,"EPSG:4269:-117.956297238000,38.142979277000",CM047,Columbus Marsh,0.8,positive_2mDAB_insufficient_repeat_dates,20090409,1,,,20090409:1.500,-117.95629723799999,38.14297927700005,416202.0000092404,4222111.000097207
3394,3394,1,"EPSG:4269:-117.954113138000,40.623348209000",DG16207,Dun Glen,0.7,positive_2mDAB_insufficient_repeat_dates,20160911,1,,,20160911:0.100,-117.95411313799997,40.62334820900003,419302.0000133192,4497384.000097811
1395,1395,1,"EPSG:4269:-117.946105402000,38.162321254000",CM049,Columbus Marsh,3.3,positive_2mDAB_insufficient_repeat_dates,20090409,1,,,20090409:4.000,-117.94610540199994,38.16232125400006,417116.9999676707,4224248.000162625
1394,1394,1,"EPSG:4269:-117.940447694000,38.154634088000",CM048,Columbus Marsh,1.3,positive_2mDAB_insufficient_repeat_dates,20090409,1,,,20090409:2.000,-117.94044769399994,38.15463408800008,417604.0000210166,4223390.0001138495
1368,1368,1,"EPSG:4269:-117.914877759000,37.999685813000",CM022,Columbus Marsh,0.6,positive_2mDAB_insufficient_repeat_dates,20090409,1,,,20090409:-0.500,-117.91487775899998,37.99968581300004,419675.0000092713,4206175.00008307
3399,3399,1,"EPSG:4269:-117.912047253000,40.650335627000",DG16212,Dun Glen,0.5,positive_2mDAB_insufficient_repeat_dates,20160911,1,,,20160911:-0.200,-117.91204725299997,40.65033562700006,422890.99999862676,4500342.000152511
1404,1404,1,"EPSG:4269:-117.906366183000,38.087209598000",CM058,Columbus Marsh,0.4,positive_2mDAB_insufficient_repeat_dates,20090409,1,,,20090409:1.100,-117.90636618299999,38.08720959800007,420516.9999914549,4215879.000073691
1369,1369,1,"EPSG:4269:-117.904002226000,38.005366757000",CM023,Columbus Marsh,1.0,positive_2mDAB_insufficient_repeat_dates,20090409,1,,,20090409:-0.100,-117.90400222599999,38.00536675700005,420636.00000156264,4206796.000081814
1403,1403,1,"EPSG:4269:-117.896077656000,38.100041178000",CM057,Columbus Marsh,0.3,positive_2mDAB_insufficient_repeat_dates,20090409,1,,,20090409:1.000,-117.89607765599999,38.100041178000026,421432.99996254634,4217294.000121254
1370,1370,1,"EPSG:4269:-117.893720619000,38.007563315000",CM024,Columbus Marsh,1.0,positive_2mDAB_insufficient_repeat_dates,20090409,1,,,20090409:-0.100,-117.89372061899996,38.00756331500003,421541.0000213444,4207031.000120852
1407,1407,1,"EPSG:4269:-117.889914757000,38.054538749000",CM061,Columbus Marsh,0.1,positive_2mDAB_insufficient_repeat_dates,20090409,1,,,20090409:0.800,-117.88991475699999,38.05453874900007,421924.99996973743,4212240.000139755
1408,1408,1,"EPSG:4269:-117.885801591000,38.046152085000",CM062,Columbus Marsh,0.1,positive_2mDAB_insufficient_repeat_dates,20090409,1,,,20090409:0.800,-117.88580159099996,38.046152085000074,422276.99997845624,4211306.000089646
1176,1176,1,"EPSG:4269:-117.859545123000,38.434479327000",MC011,Monte Cristo Valley,0.2,positive_2mDAB_insufficient_repeat_dates,20090204,1,,,20090204:0.500,-117.85954512299998,38.434479327000076,424980.9999699683,4254373.000091995
1175,1175,1,"EPSG:4269:-117.848833050000,38.429645873000",MC010,Monte Cristo Valley,1.0,positive_2mDAB_insufficient_repeat_dates,20090204,1,,,20090204:1.300,-117.84883304999994,38.42964587300003,425911.0000174962,4253828.000162652
1178,1178,1,"EPSG:4269:-117.839752595000,38.449835097000",MC013,Monte Cristo Valley,0.3,positive_2mDAB_insufficient_repeat_dates,20090204,1,,,20090204:0.600,-117.839752595,38.44983509700006,426723.99998422514,4256061.000163889
1174,1174,1,"EPSG:4269:-117.837644608000,38.426094542000",MC009,Monte Cristo Valley,1.1,positive_2mDAB_insufficient_repeat_dates,20090204,1,,,20090204:1.400,-117.83764460799995,38.426094542000044,426883.9999629281,4253425.000127154
1173,1173,1,"EPSG:4269:-117.830550704000,38.418872326000",MC008,Monte Cristo Valley,1.2,positive_2mDAB_insufficient_repeat_dates,20090204,1,,,20090204:1.500,-117.83055070399996,38.41887232600004,427496.0000298625,4252618.000135893
1172,1172,1,"EPSG:4269:-117.823861618000,38.409853422000",MC007,Monte Cristo Valley,2.2,positive_2mDAB_insufficient_repeat_dates,20090204,1,,,20090204:2.500,-117.82386161799997,38.409853422000026,428070.99997465895,4251612.000126781
1171,1171,1,"EPSG:4269:-117.820066604000,38.400390335000",MC006,Monte Cristo Valley,2.4,positive_2mDAB_insufficient_repeat_dates,20090204,1,,,20090204:2.700,-117.82006660399998,38.400390335000054,428392.9999806586,4250559.000122081
1170,1170,1,"EPSG:4269:-117.818279962000,38.391237538000",MC005,Monte Cristo Valley,0.9,positive_2mDAB_insufficient_repeat_dates,20090204,1,,,20090204:1.200,-117.81827996199996,38.39123753800004,428540.00002595526,4249542.000119944
1169,1169,1,"EPSG:4269:-117.813195451000,38.381999476000",MC004,Monte Cristo Valley,2.4,positive_2mDAB_insufficient_repeat_dates,20090204,1,,,20090204:2.700,-117.81319545099996,38.38199947600003,428974.9999589485,4248513.000068369
1168,1168,1,"EPSG:4269:-117.807874646000,38.374042524000",MC003,Monte Cristo Valley,2.4,positive_2mDAB_insufficient_repeat_dates,20090204,1,,,20090204:2.700,-117.80787464599996,38.37404252400006,429431.999984253,4247626.000123557
1167,1167,1,"EPSG:4269:-117.802224181000,38.366186704000",MC002,Monte Cristo Valley,2.4,positive_2mDAB_insufficient_repeat_dates,20090204,1,,,20090204:2.700,-117.80222418099999,38.36618670400003,429918.0000386471,4246750.000107009
1166,1166,1,"EPSG:4269:-117.796155736000,38.357675549000",MC001,Monte Cristo Valley,3.2,positive_2mDAB_insufficient_repeat_dates,20090204,1,,,20090204:3.500,-117.79615573599995,38.35767554900008,430439.9999690424,4245801.000148115
3356,3356,1,"EPSG:4269:-117.781585344000,40.118271022000",SH16172,Sou Hills,0.3,positive_2mDAB_insufficient_repeat_dates,20160907,1,,,20160907:-0.600,-117.78158534399995,40.118271022000044,433399.00004227395,4441177.000058976
3532,3532,1,"EPSG:4269:-117.780969296000,40.079795586000",SH173,Sou Hills,0.2,positive_2mDAB_insufficient_repeat_dates,20170317,1,,,20170317:0.600,-117.78096929599997,40.079795586000046,433414.00000528543,4436906.000064631
3357,3357,1,"EPSG:4269:-117.776446991000,40.123576127000",SH16173,Sou Hills,5.0,positive_2mDAB_insufficient_repeat_dates,20160907,1,,,20160907:4.736,-117.77644699099994,40.123576127000035,433842.0000389409,4441762.000095827
3358,3358,1,"EPSG:4269:-117.770367831000,40.128788159000",SH16174,Sou Hills,0.9,positive_2mDAB_insufficient_repeat_dates,20160907,1,,,20160907:0.600,-117.77036783099999,40.12878815900007,434364.9999721028,4442336.0000591455
3359,3359,1,"EPSG:4269:-117.763941683000,40.134542728000",SH16175,Sou Hills,1.0,positive_2mDAB_insufficient_repeat_dates,20160907,1,,,20160907:0.700,-117.76394168299998,40.13454272800004,434918.0000245299,4442970.000163381
3360,3360,1,"EPSG:4269:-117.758635190000,40.140794135000",SH16176,Sou Hills,1.8,positive_2mDAB_insufficient_repeat_dates,20160907,1,,,20160907:1.500,-117.75863518999995,40.14079413500008,435376.00001173106,4443660.000058993
3537,3537,1,"EPSG:4269:-117.755023817000,40.092373729000",SH178,Sou Hills,0.3,positive_2mDAB_insufficient_repeat_dates,20170317,1,,,20170317:0.700,-117.755023817,40.09237372900003,435637.9999889893,4438283.000071527
3535,3535,1,"EPSG:4269:-117.739758308000,40.094193049000",SH176,Sou Hills,1.7,positive_2mDAB_insufficient_repeat_dates,20170317,1,,,20170317:2.100,-117.73975830799998,40.09419304900007,436941.00003550336,4438474.000072915
3526,3526,1,"EPSG:4269:-117.727350446000,40.090127244000",SH166,Sou Hills,5.0,positive_2mDAB_insufficient_repeat_dates,20170316,1,,,20170316:4.500,-117.72735044599995,40.09012724400003,437994.9999932721,4438014.000151604
3525,3525,1,"EPSG:4269:-117.715565869000,40.092795391000",SH165,Sou Hills,1.4,positive_2mDAB_insufficient_repeat_dates,20170316,1,,,20170316:0.900,-117.71556586899999,40.09279539100004,439001.99998779746,4438302.000140342
3368,3368,1,"EPSG:4269:-117.714963703000,40.207750666000",SH16184,Sou Hills,0.6,positive_2mDAB_insufficient_repeat_dates,20160908,1,,,20160908:1.200,-117.71496370299997,40.20775066600004,439155.9999613824,4451061.000158432
3370,3370,1,"EPSG:4269:-117.707583079000,40.221192925000",SH16186,Sou Hills,0.3,positive_2mDAB_insufficient_repeat_dates,20160908,1,,,20160908:0.900,-117.70758307899996,40.221192925000025,439795.9999927869,4452548.000122086
3524,3524,1,"EPSG:4269:-117.706586938000,40.094598362000",SH164,Sou Hills,2.4,positive_2mDAB_insufficient_repeat_dates,20170316,1,,,20170316:1.900,-117.70658693799999,40.094598362000056,439769.0000417266,4438496.0000836905
3523,3523,1,"EPSG:4269:-117.701035672000,40.095506018000",SH163,Sou Hills,0.9,positive_2mDAB_insufficient_repeat_dates,20170316,1,,,20170316:0.400,-117.70103567199999,40.09550601800004,440242.9999952677,4438593.000062199
3372,3372,1,"EPSG:4269:-117.700424139000,40.232471110000",SH16188,Sou Hills,0.1,positive_2mDAB_insufficient_repeat_dates,20160908,1,,,20160908:0.700,-117.70042413899995,40.23247111000006,440414.9999865233,4453795.000071426
1932,1932,1,"EPSG:4269:-117.699706134000,37.895235315000",AL008,Alum,1.1,positive_2mDAB_insufficient_repeat_dates,20100128,1,,,20100128:1.400,-117.69970613399994,37.895235315000036,438480.00002402015,4194422.0001573
1943,1943,1,"EPSG:4269:-117.694944690000,37.892036904000",AL019,Alum,1.0,positive_2mDAB_insufficient_repeat_dates,20100128,1,,,20100128:1.300,-117.69494468999994,37.892036904000065,438895.9999988311,4194064.0000656596
3522,3522,1,"EPSG:4269:-117.691377324000,40.097483103000",SH162,Sou Hills,0.8,positive_2mDAB_insufficient_repeat_dates,20170316,1,,,20170316:0.250,-117.69137732399997,40.09748310300006,441068.00002368353,4438806.000095773
1944,1944,1,"EPSG:4269:-117.690371026000,37.895506746000",AL020,Alum,1.2,positive_2mDAB_insufficient_repeat_dates,20100128,1,,,20100128:1.500,-117.69037102599998,37.89550674600008,439301.00003799924,4194446.000148628
1767,1767,1,"EPSG:4269:-117.688687100000,37.889333758000",AL005,Alum,1.2,positive_2mDAB_insufficient_repeat_dates,20091101,1,,,20091101:1.400,-117.68868709999998,37.88933375800008,439443.9999661411,4193760.000108655
1946,1946,1,"EPSG:4269:-117.685803289000,37.897209847000",AL022,Alum,2.5,positive_2mDAB_insufficient_repeat_dates,20100128,1,,,20100128:2.800,-117.68580328899998,37.897209847000056,439704.00003697706,4194632.000161033
1945,1945,1,"EPSG:4269:-117.685790417000,37.892144671000",AL021,Alum,0.7,positive_2mDAB_insufficient_repeat_dates,20100128,1,,,20100128:1.000,-117.68579041699996,37.89214467100004,439700.99997401744,4194070.0001369487
3521,3521,1,"EPSG:4269:-117.683969019000,40.099265927000",SH160,Sou Hills,0.2,positive_2mDAB_insufficient_repeat_dates,20170316,1,,,20170316:-0.650,-117.68396901899996,40.09926592700003,441700.9999785007,4438999.000062261
1931,1931,1,"EPSG:4269:-117.681089307000,37.897877133000",AL007,Alum,2.1,positive_2mDAB_insufficient_repeat_dates,20100128,1,,,20100128:2.400,-117.68108930699998,37.897877133000065,440119.0000181192,4194703.000055823
1938,1938,1,"EPSG:4269:-117.678353138000,37.900894229000",AL014,Alum,2.7,positive_2mDAB_insufficient_repeat_dates,20100128,1,,,20100128:3.000,-117.67835313799998,37.90089422900007,440361.9999781886,4195036.000086012
3520,3520,1,"EPSG:4269:-117.675924406000,40.100808736000",SH159,Sou Hills,0.9,positive_2mDAB_insufficient_repeat_dates,20170316,1,,,20170316:0.400,-117.67592440599998,40.10080873600003,442387.9999737337,4439165.000133104
1766,1766,1,"EPSG:4269:-117.675257126000,37.905634788000",AL004,Alum,0.3,positive_2mDAB_insufficient_repeat_dates,20091101,1,,,20091101:0.300,-117.67525712599996,37.90563478800004,440637.9999933383,4195560.000120739
1763,1763,1,"EPSG:4269:-117.665702316000,37.914503822000",AL001,Alum,0.7,positive_2mDAB_insufficient_repeat_dates,20091101,1,,,20091101:0.900,-117.66570231599997,37.91450382200003,441485.000018361,4196538.000107148
1951,1951,1,"EPSG:4269:-117.654688175000,37.900190037000",AL027,Alum,0.5,positive_2mDAB_insufficient_repeat_dates,20100128,1,,,20100128:0.900,-117.65468817499999,37.90019003700007,442441.99997440923,4194943.000074455
1952,1952,1,"EPSG:4269:-117.645496502000,37.893535194000",AL028,Alum,2.1,positive_2mDAB_insufficient_repeat_dates,20100128,1,,,20100128:2.500,-117.64549650199996,37.89353519400004,443244.99995793117,4194199.0001117745
1920,1920,1,"EPSG:4269:-117.644712215000,37.799597064000",SP086,Silver Peak,0.2,positive_2mDAB_insufficient_repeat_dates,20100127,1,,,20100127:0.200,-117.64471221499997,37.79959706400007,443241.9999875943,4183776.00016319
1912,1912,1,"EPSG:4269:-117.642283261000,37.797185816000",SP078,Silver Peak,0.4,positive_2mDAB_insufficient_repeat_dates,20100127,1,,,20100127:0.400,-117.64228326099999,37.797185816000024,443453.99996643263,4183507.000112678
1916,1916,1,"EPSG:4269:-117.641133018000,37.783690488000",SP082,Silver Peak,0.7,positive_2mDAB_insufficient_repeat_dates,20100127,1,,,20100127:0.700,-117.64113301799995,37.78369048800005,443545.00004193955,4182009.0001490964
1953,1953,1,"EPSG:4269:-117.641053638000,37.890071471000",AL029,Alum,1.7,positive_2mDAB_insufficient_repeat_dates,20100128,1,,,20100128:2.100,-117.64105363799996,37.890071471000056,443632.9999728324,4193812.000088593
1893,1893,1,"EPSG:4269:-117.639699965000,37.805834386000",SP059,Silver Peak,0.1,positive_2mDAB_insufficient_repeat_dates,20100115,1,,,20100115:0.250,-117.63969996499998,37.80583438600007,443688.0000298744,4184465.000068103
1921,1921,1,"EPSG:4269:-117.639159634000,37.794543948000",SP087,Silver Peak,0.8,positive_2mDAB_insufficient_repeat_dates,20100127,1,,,20100127:0.800,-117.63915963399995,37.79454394800007,443726.99995716545,4183212.000149457
1955,1955,1,"EPSG:4269:-117.637118508000,37.897970132000",AL031,Alum,0.1,positive_2mDAB_insufficient_repeat_dates,20100128,1,,,20100128:0.500,-117.63711850799996,37.89797013200007,443985.00001272926,4194686.000152269
1907,1907,1,"EPSG:4269:-117.635744512000,37.788343400000",SP073,Silver Peak,0.6,positive_2mDAB_insufficient_repeat_dates,20100115,1,,,20100115:0.750,-117.63574451199997,37.78834340000003,444022.9999700367,4182522.000097095
1922,1922,1,"EPSG:4269:-117.635287120000,37.791960114000",SP088,Silver Peak,0.2,positive_2mDAB_insufficient_repeat_dates,20100127,1,,,20100127:0.200,-117.63528711999999,37.79196011400006,444066.000026138,4182923.000165175
1849,1849,1,"EPSG:4269:-117.634133740000,37.768631416000",SP015,Silver Peak,4.2,positive_2mDAB_insufficient_repeat_dates,20100115,1,,,20100115:4.350,-117.63413373999998,37.76863141600006,444149.99997430097,4180334.000158035
1928,1928,1,"EPSG:4269:-117.633912429000,37.771967458000",SP094,Silver Peak,4.0,positive_2mDAB_insufficient_repeat_dates,20100127,1,,,20100127:4.000,-117.63391242899996,37.77196745800006,444172.00001167826,4180704.0000754097
1850,1850,1,"EPSG:4269:-117.633469698000,37.763993230000",SP016,Silver Peak,4.0,positive_2mDAB_insufficient_repeat_dates,20100115,1,,,20100115:4.150,-117.63346969799994,37.76399323000004,444205.0000322783,4179819.0000653025
1954,1954,1,"EPSG:4269:-117.633107342000,37.893106770000",AL030,Alum,2.4,positive_2mDAB_insufficient_repeat_dates,20100128,1,,,20100128:2.800,-117.63310734199996,37.89310677000003,444333.99997063313,4194144.000114995
1927,1927,1,"EPSG:4269:-117.632209407000,37.777321380000",SP093,Silver Peak,1.3,positive_2mDAB_insufficient_repeat_dates,20100127,1,,,20100127:1.300,-117.63220940699995,37.777321380000046,444326.00003939983,4181297.000066235
1918,1918,1,"EPSG:4269:-117.630889465000,37.767648373000",SP084,Silver Peak,5.5,positive_2mDAB_insufficient_repeat_dates,20100127,1,,,20100127:5.500,-117.63088946499994,37.76764837300004,444435.0000383927,4180223.000093181
1880,1880,1,"EPSG:4269:-117.629159976000,37.765873022000",SP046,Silver Peak,4.6,positive_2mDAB_insufficient_repeat_dates,20100115,1,,,20100115:4.750,-117.62915997599998,37.76587302200005,444585.9999605924,4180025.000146318
1879,1879,1,"EPSG:4269:-117.628965812000,37.769758713000",SP045,Silver Peak,1.2,positive_2mDAB_insufficient_repeat_dates,20100115,1,,,20100115:1.350,-117.62896581199999,37.769758713000044,444606.0000004103,4180456.0001500123
1835,1835,1,"EPSG:4269:-117.628738008000,37.772355705000",SP001,Silver Peak,10.1,persistent_repeat_residual,20100115;20100127,2,9.725000000000001,1.0,20100115:10.250;20100127:9.200,-117.62873800799997,37.77235570500005,444628.00000029535,4180744.0000719693
1913,1913,1,"EPSG:4269:-117.628457765000,37.775466723000",SP079,Silver Peak,0.5,positive_2mDAB_insufficient_repeat_dates,20100127,1,,,20100127:0.500,-117.62845776499995,37.77546672300008,444655.0000258574,4181089.000065153
1878,1878,1,"EPSG:4269:-117.626838869000,37.767976435000",SP044,Silver Peak,1.7,positive_2mDAB_insufficient_repeat_dates,20100115,1,,,20100115:1.850,-117.62683886899998,37.76797643500004,444791.99999890645,4180257.0000756
1877,1877,1,"EPSG:4269:-117.625156318000,37.762325131000",SP043,Silver Peak,0.6,positive_2mDAB_insufficient_repeat_dates,20100115,1,,,20100115:0.750,-117.62515631799994,37.76232513100007,444935.9999614694,4179629.0001371647
1887,1887,1,"EPSG:4269:-117.625109597000,37.768913973000",SP053,Silver Peak,1.9,positive_2mDAB_insufficient_repeat_dates,20100115,1,,,20100115:2.050,-117.62510959699995,37.76891397300005,444944.99996394553,4180360.000155464
1872,1872,1,"EPSG:4269:-117.625041380000,37.775647131000",SP038,Silver Peak,2.0,positive_2mDAB_insufficient_repeat_dates,20100115,1,,,20100115:2.150,-117.62504137999997,37.77564713100003,444956.0000289462,4181107.0001193997
1870,1870,1,"EPSG:4269:-117.624822993000,37.771285943000",SP036,Silver Peak,2.6,positive_2mDAB_insufficient_repeat_dates,20100115,1,,,20100115:2.750,-117.62482299299995,37.771285943000066,444972.00003900874,4180623.000156657
1883,1883,1,"EPSG:4269:-117.623984171000,37.753886034000",SP049,Silver Peak,0.6,positive_2mDAB_insufficient_repeat_dates,20100115,1,,,20100115:0.750,-117.62398417099996,37.75388603400006,445032.99998700805,4178692.000091901
1905,1905,1,"EPSG:4269:-117.623177832000,37.779550664000",SP071,Silver Peak,0.2,positive_2mDAB_insufficient_repeat_dates,20100115,1,,,20100115:0.350,-117.62317783199995,37.779550664000055,445123.00001072086,4181539.0001581083
1873,1873,1,"EPSG:4269:-117.622888853000,37.773531435000",SP039,Silver Peak,0.8,positive_2mDAB_insufficient_repeat_dates,20100115,1,,,20100115:0.950,-117.62288885299995,37.77353143500005,445144.00002317206,4180871.0001292126
1869,1869,1,"EPSG:4269:-117.621861922000,37.768868064000",SP035,Silver Peak,0.5,positive_2mDAB_insufficient_repeat_dates,20100115,1,,,20100115:0.650,-117.621861922,37.76886806400006,445230.9999829534,4180353.000114074
1886,1886,1,"EPSG:4269:-117.621686784000,37.765579198000",SP052,Silver Peak,0.4,positive_2mDAB_insufficient_repeat_dates,20100115,1,,,20100115:0.550,-117.62168678399996,37.76557919800007,445243.9999989391,4179988.0001130737
1864,1864,1,"EPSG:4269:-117.621499903000,37.748671535000",SP030,Silver Peak,0.5,positive_2mDAB_insufficient_repeat_dates,20100115,1,,,20100115:0.650,-117.62149990299997,37.74867153500003,445247.9999759273,4178112.0000977903
1874,1874,1,"EPSG:4269:-117.621331385000,37.771953349000",SP040,Silver Peak,0.6,positive_2mDAB_insufficient_repeat_dates,20100115,1,,,20100115:0.750,-117.62133138499996,37.77195334900006,445279.99997473735,4180695.000094633
3289,3289,1,"EPSG:4269:-117.620828347000,40.379956194000",MT16109,MtTobin,3.5,positive_2mDAB_insufficient_repeat_dates,20160823,1,,,20160823:3.300,-117.62082834699999,40.379956194000044,447300.9999712494,4470115.000101186
1904,1904,1,"EPSG:4269:-117.619551727000,37.776397172000",SP070,Silver Peak,1.1,positive_2mDAB_insufficient_repeat_dates,20100115,1,,,20100115:1.250,-117.61955172699999,37.77639717200003,445439.9999701647,4181187.0001652827
1866,1866,1,"EPSG:4269:-117.619439155000,37.773792974000",SP032,Silver Peak,0.1,positive_2mDAB_insufficient_repeat_dates,20100115,1,,,20100115:0.250,-117.61943915499995,37.77379297400006,445448.0000053181,4180898.0001314646
3290,3290,1,"EPSG:4269:-117.618739371000,40.387264776000",MT16110,MtTobin,1.4,positive_2mDAB_insufficient_repeat_dates,20160823,1,,,20160823:1.200,-117.61873937099995,40.38726477600005,447484.0000353782,4470925.000098594
1875,1875,1,"EPSG:4269:-117.618529819000,37.768227643000",SP041,Silver Peak,0.1,positive_2mDAB_insufficient_repeat_dates,20100115,1,,,20100115:0.250,-117.61852981899995,37.768227643000046,445524.000041103,4180280.0001238426
1867,1867,1,"EPSG:4269:-117.617462851000,37.775092222000",SP033,Silver Peak,0.4,positive_2mDAB_insufficient_repeat_dates,20100115,1,,,20100115:0.550,-117.61746285099997,37.77509222200007,445623.0000268588,4181041.000148238
3291,3291,1,"EPSG:4269:-117.616340569000,40.394241627000",MT16111,MtTobin,2.8,positive_2mDAB_insufficient_repeat_dates,20160823,1,,,20160823:2.600,-117.61634056899999,40.39424162700004,447692.9999635647,4471698.000086216
1868,1868,1,"EPSG:4269:-117.616307247000,37.771303749000",SP034,Silver Peak,0.5,positive_2mDAB_insufficient_repeat_dates,20100115,1,,,20100115:0.650,-117.61630724699995,37.771303749000026,445721.99995833245,4180620.0000759764
1841,1841,1,"EPSG:4269:-117.615645735000,37.731216715000",SP007,Silver Peak,0.6,positive_2mDAB_insufficient_repeat_dates,20100115,1,,,20100115:0.750,-117.61564573499999,37.73121671500007,445750.9999639126,4176172.0001503816
1903,1903,1,"EPSG:4269:-117.615464735000,37.773768734000",SP069,Silver Peak,0.8,positive_2mDAB_insufficient_repeat_dates,20100115,1,,,20100115:0.950,-117.61546473499999,37.77376873400004,445798.00001062005,4180893.000111607
3292,3292,1,"EPSG:4269:-117.614570649000,40.401746617000",MT16112,MtTobin,3.5,positive_2mDAB_insufficient_repeat_dates,20160823,1,,,20160823:3.300,-117.61457064899997,40.40174661700007,447849.0000217526,4472530.000130322
1852,1852,1,"EPSG:4269:-117.613774434000,37.776706813000",SP018,Silver Peak,0.7,positive_2mDAB_insufficient_repeat_dates,20100115,1,,,20100115:0.850,-117.61377443399999,37.77670681300003,445948.99998557783,4181218.000138666
1848,1848,1,"EPSG:4269:-117.613112435000,37.773546656000",SP014,Silver Peak,1.3,positive_2mDAB_insufficient_repeat_dates,20100115,1,,,20100115:1.450,-117.61311243499995,37.773546656000065,446004.9999940286,4180867.000142341
3293,3293,1,"EPSG:4269:-117.612636766000,40.408108286000",MT16113,MtTobin,1.4,positive_2mDAB_insufficient_repeat_dates,20160823,1,,,20160823:1.200,-117.61263676599998,40.40810828600007,448017.99999241834,4473235.000109696
1902,1902,1,"EPSG:4269:-117.612010292000,37.770704239000",SP068,Silver Peak,1.4,positive_2mDAB_insufficient_repeat_dates,20100115,1,,,20100115:1.550,-117.61201029199998,37.770704239000054,446099.9999831009,4180551.0000957004
1844,1844,1,"EPSG:4269:-117.610901947000,37.776757793000",SP010,Silver Peak,1.2,positive_2mDAB_insufficient_repeat_dates,20100115,1,,,20100115:1.350,-117.61090194699995,37.77675779300006,446202.0000274426,4181222.000154253
1847,1847,1,"EPSG:4269:-117.609376691000,37.770780979000",SP013,Silver Peak,0.9,positive_2mDAB_insufficient_repeat_dates,20100115,1,,,20100115:1.050,-117.60937669099997,37.77078097900005,446331.99999260984,4180558.0000553597
3295,3295,1,"EPSG:4269:-117.608275584000,40.423753042000",MT16115,MtTobin,2.3,positive_2mDAB_insufficient_repeat_dates,20160823,1,,,20160823:2.100,-117.60827558399995,40.423753042000044,448399.99999732873,4474969.000139541
1845,1845,1,"EPSG:4269:-117.606656730000,37.772795927000",SP011,Silver Peak,0.4,positive_2mDAB_insufficient_repeat_dates,20100115,1,,,20100115:0.550,-117.60665672999994,37.77279592700006,446573.00001113524,4180780.000101889
1925,1925,1,"EPSG:4269:-117.606540785000,37.758600841000",SP091,Silver Peak,0.6,positive_2mDAB_insufficient_repeat_dates,20100127,1,,,20100127:0.600,-117.60654078499999,37.75860084100003,446572.9999795216,4179205.00015713
1900,1900,1,"EPSG:4269:-117.605146700000,37.779779844000",SP066,Silver Peak,0.2,positive_2mDAB_insufficient_repeat_dates,20100115,1,,,20100115:0.350,-117.60514669999998,37.779779844000075,446710.9999721054,4181554.0001239665
1926,1926,1,"EPSG:4269:-117.604530833000,37.761324124000",SP092,Silver Peak,0.6,positive_2mDAB_insufficient_repeat_dates,20100127,1,,,20100127:0.600,-117.60453083299996,37.761324124000055,446752.00001717283,4179506.000149557
1846,1846,1,"EPSG:4269:-117.602857248000,37.769138071000",SP012,Silver Peak,1.1,positive_2mDAB_insufficient_repeat_dates,20100115,1,,,20100115:1.250,-117.60285724799996,37.76913807100004,446905.0000432284,4180372.000077986
3296,3296,1,"EPSG:4269:-117.596167784000,40.432951293000",MT16116,MtTobin,2.9,positive_2mDAB_insufficient_repeat_dates,20160823,1,,,20160823:2.700,-117.59616778399999,40.43295129300003,449433.99997860054,4475983.000149126
3297,3297,1,"EPSG:4269:-117.586380549000,40.432758105000",MT16117,MtTobin,0.6,positive_2mDAB_insufficient_repeat_dates,20160823,1,,,20160823:0.400,-117.58638054899995,40.43275810500006,450263.99999850814,4475956.000115413
3305,3305,1,"EPSG:4269:-117.559697876000,40.469430988000",MT16125,MtTobin,0.2,positive_2mDAB_insufficient_repeat_dates,20160823,1,,,20160823:-0.400,-117.55969787599997,40.469430988000056,452553.00000292994,4480012.000118789
3304,3304,1,"EPSG:4269:-117.559475698000,40.462558192000",MT16124,MtTobin,1.8,positive_2mDAB_insufficient_repeat_dates,20160823,1,,,20160823:1.600,-117.55947569799997,40.462558192000074,452566.99996607244,4479249.000166004
791,791,1,"EPSG:4269:-117.435530542000,40.405451543000",Bv46,Buffalo Valley,0.9,positive_2mDAB_insufficient_repeat_dates,20081214,1,,,20081214:1.600,-117.43553054199998,40.40545154300003,463044.0000243872,4472851.000159786
788,788,1,"EPSG:4269:-117.430618197000,40.418713346000",Bv43,Buffalo Valley,0.1,positive_2mDAB_insufficient_repeat_dates,20081214,1,,,20081214:0.800,-117.43061819699994,40.41871334600006,463468.00003380235,4474321.000165469
714,714,1,"EPSG:4269:-117.430448004000,40.432696098000",BV12,Buffalo Valley,0.2,positive_2mDAB_insufficient_repeat_dates,20081107,1,,,20081107:-0.500,-117.43044800399997,40.432696098000065,463489.9999943101,4475873.0000833
785,785,1,"EPSG:4269:-117.429585933000,40.432474078000",Bv40,Buffalo Valley,0.1,positive_2mDAB_insufficient_repeat_dates,20081214,1,,,20081214:0.800,-117.42958593299994,40.43247407800004,463563.0000389356,4475848.000155437
786,786,1,"EPSG:4269:-117.429532778000,40.427825584000",Bv41,Buffalo Valley,0.1,positive_2mDAB_insufficient_repeat_dates,20081214,1,,,20081214:0.800,-117.42953277799995,40.42782558400006,463564.9999685397,4475332.000069054
713,713,1,"EPSG:4269:-117.425419578000,40.431750739000",BV11,Buffalo Valley,0.6,positive_2mDAB_insufficient_repeat_dates,20081106,1,,,20081106:1.450,-117.42541957799995,40.43175073900005,463916.00003785716,4475766.000142994
740,740,1,"EPSG:4269:-117.415376567000,40.485661370000",BV38,Buffalo Valley,0.2,positive_2mDAB_insufficient_repeat_dates,20081107,1,,,20081107:-0.500,-117.41537656699995,40.48566137000006,464795.9999804738,4481746.000115073
728,728,1,"EPSG:4269:-117.410743334000,40.445623742000",BV26,Buffalo Valley,0.7,positive_2mDAB_insufficient_repeat_dates,20081107,1,,,20081107:0.200,-117.41074333399996,40.445623742000066,465168.00001955434,4477300.000098344
729,729,1,"EPSG:4269:-117.410707078000,40.449353625000",BV27,Buffalo Valley,0.9,positive_2mDAB_insufficient_repeat_dates,20081107,1,,,20081107:0.400,-117.41070707799997,40.44935362500007,465172.99997508986,4477714.000144341
735,735,1,"EPSG:4269:-117.410291639000,40.472175015000",BV33,Buffalo Valley,0.7,positive_2mDAB_insufficient_repeat_dates,20081107,1,,,20081107:0.200,-117.41029163899998,40.47217501500006,465219.99996118207,4480247.000140466
730,730,1,"EPSG:4269:-117.410257730000,40.453030917000",BV28,Buffalo Valley,0.9,positive_2mDAB_insufficient_repeat_dates,20081107,1,,,20081107:0.400,-117.41025772999996,40.453030917000035,465213.00001336634,4478122.000073174
734,734,1,"EPSG:4269:-117.410233553000,40.468445482000",BV32,Buffalo Valley,1.0,positive_2mDAB_insufficient_repeat_dates,20081107,1,,,20081107:0.500,-117.41023355299996,40.46844548200005,465223.0000064899,4479833.000133384
736,736,1,"EPSG:4269:-117.410229239000,40.475490558000",BV34,Buffalo Valley,0.3,positive_2mDAB_insufficient_repeat_dates,20081107,1,,,20081107:-0.400,-117.41022923899999,40.47549055800005,465226.9999698591,4480615.000127107
733,733,1,"EPSG:4269:-117.410136200000,40.464076444000",BV31,Buffalo Valley,0.9,positive_2mDAB_insufficient_repeat_dates,20081107,1,,,20081107:0.400,-117.41013619999995,40.46407644400006,465228.99997865973,4479348.000127214
731,731,1,"EPSG:4269:-117.410080304000,40.456824359000",BV29,Buffalo Valley,0.9,positive_2mDAB_insufficient_repeat_dates,20081107,1,,,20081107:0.400,-117.41008030399996,40.45682435900005,465230.0000182532,4478543.000076479
732,732,1,"EPSG:4269:-117.409937203000,40.460446505000",BV30,Buffalo Valley,0.4,positive_2mDAB_insufficient_repeat_dates,20081107,1,,,20081107:-0.300,-117.40993720299997,40.46044650500005,465244.00000185246,4478945.00011829
737,737,1,"EPSG:4269:-117.409544898000,40.479357855000",BV35,Buffalo Valley,1.4,positive_2mDAB_insufficient_repeat_dates,20081107,1,,,20081107:0.900,-117.40954489799998,40.479357855000046,465287.0000232577,4481044.000156157
739,739,1,"EPSG:4269:-117.409178637000,40.487043839000",BV37,Buffalo Valley,0.7,positive_2mDAB_insufficient_repeat_dates,20081107,1,,,20081107:0.200,-117.40917863699997,40.48704383900008,465321.99999409117,4481897.000124744
738,738,1,"EPSG:4269:-117.409119718000,40.483170174000",BV36,Buffalo Valley,0.1,positive_2mDAB_insufficient_repeat_dates,20081107,1,,,20081107:-0.600,-117.40911971799994,40.483170174000065,465325.0000178965,4481467.000149641
720,720,1,"EPSG:4269:-117.405596832000,40.464380751000",BV18,Buffalo Valley,0.5,positive_2mDAB_insufficient_repeat_dates,20081107,1,,,20081107:-0.200,-117.40559683199996,40.46438075100008,465613.9999720058,4479380.00015404
719,719,1,"EPSG:4269:-117.405430158000,40.460201138000",BV17,Buffalo Valley,0.2,positive_2mDAB_insufficient_repeat_dates,20081107,1,,,20081107:-0.500,-117.40543015799994,40.46020113800006,465625.99999480165,4478916.000060026
718,718,1,"EPSG:4269:-117.405418557000,40.456309269000",BV16,Buffalo Valley,0.5,positive_2mDAB_insufficient_repeat_dates,20081107,1,,,20081107:-0.200,-117.40541855699996,40.45630926900003,465625.00003623357,4478484.000111549
724,724,1,"EPSG:4269:-117.404699595000,40.479969517000",BV22,Buffalo Valley,0.8,positive_2mDAB_insufficient_repeat_dates,20081107,1,,,20081107:0.300,-117.40469959499995,40.47996951700003,465698.00002399547,4481110.000118365
715,715,1,"EPSG:4269:-117.404669454000,40.445464982000",BV13,Buffalo Valley,0.3,positive_2mDAB_insufficient_repeat_dates,20081107,1,,,20081107:-0.400,-117.40466945399999,40.44546498200003,465682.99995939084,4477280.000095118
721,721,1,"EPSG:4269:-117.404533678000,40.468051155000",BV19,Buffalo Valley,0.7,positive_2mDAB_insufficient_repeat_dates,20081107,1,,,20081107:0.200,-117.40453367799995,40.46805115500007,465705.99999062787,4479787.000094952
717,717,1,"EPSG:4269:-117.404312422000,40.452790602000",BV15,Buffalo Valley,0.5,positive_2mDAB_insufficient_repeat_dates,20081107,1,,,20081107:-0.200,-117.40431242199998,40.45279060200005,465716.99996987806,4478093.000134206
725,725,1,"EPSG:4269:-117.403804518000,40.484170848000",BV23,Buffalo Valley,0.5,positive_2mDAB_insufficient_repeat_dates,20081107,1,,,20081107:-0.200,-117.40380451799996,40.484170848000076,465775.9999889113,4481576.000076929
716,716,1,"EPSG:4269:-117.403714180000,40.449387267000",BV14,Buffalo Valley,0.7,positive_2mDAB_insufficient_repeat_dates,20081107,1,,,20081107:0.200,-117.40371417999995,40.44938726700008,465766.0000356792,4477715.000117962
722,722,1,"EPSG:4269:-117.403507201000,40.471955655000",BV20,Buffalo Valley,1.1,positive_2mDAB_insufficient_repeat_dates,20081107,1,,,20081107:0.600,-117.40350720099997,40.471955655000045,465795.0000154638,4480220.000168225
723,723,1,"EPSG:4269:-117.402623249000,40.476039826000",BV21,Buffalo Valley,1.3,positive_2mDAB_insufficient_repeat_dates,20081107,1,,,20081107:0.800,-117.40262324899999,40.47603982600003,465872.0000232506,4480673.000074235
706,706,1,"EPSG:4269:-117.396899144000,40.443572989000",BV04,Buffalo Valley,0.8,positive_2mDAB_insufficient_repeat_dates,20081106,1,,,20081106:1.650,-117.39689914399997,40.443572989000074,466340.9999938413,4477067.000168144
707,707,1,"EPSG:4269:-117.392696613000,40.448848639000",BV05,Buffalo Valley,0.6,positive_2mDAB_insufficient_repeat_dates,20081106,1,,,20081106:1.450,-117.39269661299994,40.44884863900006,466699.99997618323,4477651.000135562
3173,3173,1,"EPSG:4269:-117.323963072000,40.364051403000",BV047,Buffalo Valley,1.7,positive_2mDAB_insufficient_repeat_dates,20141217,1,,,20141217:2.050,-117.32396307199997,40.364051403000076,472493.999960806,4468215.0000814395
3130,3130,1,"EPSG:4269:-117.323358422000,40.365683762000",BV003,Buffalo Valley,3.9,positive_2mDAB_insufficient_repeat_dates,20141004,1,,,20141004:4.100,-117.32335842199996,40.36568376200006,472545.9999738787,4468396.00006868
3167,3167,1,"EPSG:4269:-117.323174417000,40.369080747000",BV041,Buffalo Valley,1.7,positive_2mDAB_insufficient_repeat_dates,20141217,1,,,20141217:2.050,-117.32317441699996,40.369080747000055,472563.00001786876,4468773.000069362
3128,3128,1,"EPSG:4269:-117.321924024000,40.363741775000",BV001,Buffalo Valley,1.4,persistent_repeat_residual,20141004;20141217,2,2.924999999999999,0.5,20141004:1.600;20141217:4.250,-117.32192402399994,40.36374177500005,472667.0000362888,4468180.000165918
3131,3131,1,"EPSG:4269:-117.321800429000,40.367471931000",BV004,Buffalo Valley,2.8,positive_2mDAB_insufficient_repeat_dates,20141004,1,,,20141004:3.000,-117.32180042899995,40.36747193100007,472679.0000171653,4468594.0001118835
3174,3174,1,"EPSG:4269:-117.321030478000,40.366555132000",BV048,Buffalo Valley,1.1,positive_2mDAB_insufficient_repeat_dates,20141217,1,,,20141217:1.450,-117.32103047799995,40.36655513200003,472744.00001418573,4468492.000145125
3156,3156,1,"EPSG:4269:-117.320412254000,40.365340603000",BV029,Buffalo Valley,0.9,positive_2mDAB_insufficient_repeat_dates,20141005,1,,,20141005:0.900,-117.32041225399996,40.36534060300005,472796.00003332563,4468357.000117912
3129,3129,1,"EPSG:4269:-117.319661955000,40.366081434000",BV002,Buffalo Valley,0.7,positive_2mDAB_insufficient_repeat_dates,20141004,1,,,20141004:0.900,-117.31966195499996,40.36608143400008,472860.00000314275,4468439.000076398
3132,3132,1,"EPSG:4269:-117.318061819000,40.371455332000",BV005,Buffalo Valley,0.3,positive_2mDAB_insufficient_repeat_dates,20141004,1,,,20141004:0.500,-117.31806181899998,40.37145533200004,472998.00001597527,4469035.000121262
3142,3142,1,"EPSG:4269:-117.312719950000,40.362532765000",BV015,Buffalo Valley,0.4,positive_2mDAB_insufficient_repeat_dates,20141004,1,,,20141004:0.600,-117.31271994999997,40.362532765000026,473448.0000306969,4468043.000073762
3158,3158,1,"EPSG:4269:-117.310850623000,40.352997038000",BV031,Buffalo Valley,0.6,positive_2mDAB_insufficient_repeat_dates,20141005,1,,,20141005:0.600,-117.31085062299996,40.35299703800007,473602.99996483675,4466984.000138057
3143,3143,1,"EPSG:4269:-117.306961073000,40.367809573000",BV016,Buffalo Valley,0.4,positive_2mDAB_insufficient_repeat_dates,20141004,1,,,20141004:0.600,-117.30696107299997,40.367809573000045,473939.00002460513,4468627.000115282
3144,3144,1,"EPSG:4269:-117.300778565000,40.373384496000",BV017,Buffalo Valley,0.8,positive_2mDAB_insufficient_repeat_dates,20141005,1,,,20141005:0.800,-117.30077856499997,40.37338449600003,474465.99998452613,4469244.0001019
3176,3176,1,"EPSG:4269:-117.300198150000,40.367349837000",BV050,Buffalo Valley,1.3,positive_2mDAB_insufficient_repeat_dates,20141217,1,,,20141217:1.650,-117.30019814999997,40.36734983700006,474512.99999016774,4468574.000101725
3160,3160,1,"EPSG:4269:-117.298008877000,40.362346376000",BV033,Buffalo Valley,0.1,positive_2mDAB_insufficient_repeat_dates,20141005,1,,,20141005:0.100,-117.29800887699997,40.36234637600006,474696.9999956461,4468018.000075068
3155,3155,1,"EPSG:4269:-117.296380255000,40.369657032000",BV028,Buffalo Valley,0.1,positive_2mDAB_insufficient_repeat_dates,20141005,1,,,20141005:0.100,-117.29638025499997,40.36965703200008,474838.0000336192,4468829.0000938
3178,3178,1,"EPSG:4269:-117.291696284000,40.359659704000",BV052,Buffalo Valley,1.8,positive_2mDAB_insufficient_repeat_dates,20141217,1,,,20141217:2.150,-117.29169628399995,40.35965970400008,475232.0000410247,4467718.000166442
3162,3162,1,"EPSG:4269:-117.288828689000,40.372108623000",BV035,Buffalo Valley,0.6,positive_2mDAB_insufficient_repeat_dates,20141005,1,,,20141005:0.600,-117.28882868899996,40.37210862300003,475480.0000088323,4469099.000059215
3164,3164,1,"EPSG:4269:-117.286835972000,40.360518726000",BV037,Buffalo Valley,1.4,positive_2mDAB_insufficient_repeat_dates,20141005,1,,,20141005:1.400,-117.28683597199995,40.360518726000066,475644.9999656085,4467812.00007896
3153,3153,1,"EPSG:4269:-117.285089759000,40.382127118000",BV026,Buffalo Valley,0.4,positive_2mDAB_insufficient_repeat_dates,20141005,1,,,20141005:0.400,-117.28508975899996,40.38212711800003,475800.9999730339,4470210.000156158
3151,3151,1,"EPSG:4269:-117.279555160000,40.388429040000",BV024,Buffalo Valley,0.5,positive_2mDAB_insufficient_repeat_dates,20141005,1,,,20141005:0.500,-117.27955515999997,40.38842904000006,476272.9999970915,4470908.000137687
3166,3166,1,"EPSG:4269:-117.275713964000,40.359473677000",BV039,Buffalo Valley,0.4,positive_2mDAB_insufficient_repeat_dates,20141005,1,,,20141005:0.400,-117.27571396399998,40.35947367700004,476589.00000102026,4467693.000109634
3150,3150,1,"EPSG:4269:-117.273738013000,40.395046681000",BV023,Buffalo Valley,1.4,positive_2mDAB_insufficient_repeat_dates,20141005,1,,,20141005:1.400,-117.27373801299996,40.39504668100005,476769.00001678866,4471641.000080847
3791,3791,1,"EPSG:4269:-116.894396324000,40.494035239000",BM 73,Battle Mountain,0.7,positive_2mDAB_insufficient_repeat_dates,20210817,1,,,20210817:1.050,-116.89439632399996,40.49403523900003,508949.0000057981,4482598.000060925
3790,3790,1,"EPSG:4269:-116.885497163000,40.494918659000",BM 72,Battle Mountain,0.3,positive_2mDAB_insufficient_repeat_dates,20210817,1,,,20210817:0.650,-116.88549716299997,40.494918659000064,509702.9999831392,4482697.000101193
3789,3789,1,"EPSG:4269:-116.869845204000,40.497064258000",BM 70,Battle Mountain,0.3,positive_2mDAB_insufficient_repeat_dates,20210817,1,,,20210817:0.650,-116.86984520399994,40.49706425800008,511029.00004013686,4482937.000103546
3788,3788,1,"EPSG:4269:-116.843674901000,40.500157952000",BM 66,Battle Mountain,0.1,positive_2mDAB_insufficient_repeat_dates,20210817,1,,,20210817:0.450,-116.84367490099999,40.50015795200005,513246.00003270264,4483284.000115886
3735,3735,1,"EPSG:4269:-116.819670460000,40.504501369000",BM20,Battle Mountain,1.4,positive_2mDAB_insufficient_repeat_dates,20210720,1,,,20210720:0.600,-116.81967045999994,40.504501369000025,515278.9999949528,4483770.00012559
3737,3737,1,"EPSG:4269:-116.816938308000,40.497947521000",BM19,Battle Mountain,2.3,positive_2mDAB_insufficient_repeat_dates,20210720,1,,,20210720:1.500,-116.81693830799998,40.49794752100007,515512.0000416813,4483043.000117315
3740,3740,1,"EPSG:4269:-116.810042830000,40.499197655000",BM18,Battle Mountain,2.9,positive_2mDAB_insufficient_repeat_dates,20210720,1,,,20210720:2.100,-116.81004282999999,40.499197655000046,516096.0000064855,4483183.000086266
3739,3739,1,"EPSG:4269:-116.804672805000,40.499314830000",BM17,Battle Mountain,2.7,positive_2mDAB_insufficient_repeat_dates,20210720,1,,,20210720:1.900,-116.80467280499994,40.49931483000006,516550.9999666338,4483197.000091133
3783,3783,1,"EPSG:4269:-116.802901624000,40.503672185000",BM 65,Battle Mountain,1.1,positive_2mDAB_insufficient_repeat_dates,20210816,1,,,20210816:-0.400,-116.80290162399996,40.50367218500003,516700.0000280705,4483681.0001588315
3733,3733,1,"EPSG:4269:-116.799631648000,40.499954849000",BM16,Battle Mountain,0.9,positive_2mDAB_insufficient_repeat_dates,20210720,1,,,20210720:-0.150,-116.79963164799995,40.49995484900006,516978.0000414659,4483269.0001063375
3730,3730,1,"EPSG:4269:-116.798219654000,40.506429869000",BM22,Battle Mountain,0.5,positive_2mDAB_insufficient_repeat_dates,20210720,1,,,20210720:-0.650,-116.79821965399998,40.506429869000044,517095.9999615616,4483988.000076454
3728,3728,1,"EPSG:4269:-116.794661565000,40.500477657000",BM15,Battle Mountain,0.3,positive_2mDAB_insufficient_repeat_dates,20210720,1,,,20210720:-0.850,-116.79466156499996,40.50047765700003,517398.9999713282,4483328.000108881
3731,3731,1,"EPSG:4269:-116.781662448000,40.509426798000",BM12,Battle Mountain,0.6,positive_2mDAB_insufficient_repeat_dates,20210720,1,,,20210720:-0.550,-116.78166244799996,40.50942679800005,518497.99999382644,4484324.00015603
3722,3722,1,"EPSG:4269:-116.777876294000,40.522915044000",BM4,Battle Mountain,0.8,positive_2mDAB_insufficient_repeat_dates,20210719,1,,,20210719:0.000,-116.77787629399995,40.52291504400006,518815.0000147641,4485822.000169445
3729,3729,1,"EPSG:4269:-116.777709886000,40.508959803000",BM23,Battle Mountain,0.3,positive_2mDAB_insufficient_repeat_dates,20210720,1,,,20210720:-0.850,-116.77770988599997,40.50895980300004,518832.9999579214,4484273.000062545
3741,3741,1,"EPSG:4269:-116.776955887000,40.508534928000",BM9,Battle Mountain,3.3,positive_2mDAB_insufficient_repeat_dates,20210720,1,,,20210720:2.500,-116.77695588699999,40.508534928000074,518897.00003177655,4484226.000139211
3723,3723,1,"EPSG:4269:-116.776825922000,40.519255374000",BM3,Battle Mountain,1.0,positive_2mDAB_insufficient_repeat_dates,20210719,1,,,20210719:0.200,-116.77682592199994,40.51925537400007,518904.9999667213,4485416.000063755
3732,3732,1,"EPSG:4269:-116.774319873000,40.513223496000",BM11,Battle Mountain,0.7,positive_2mDAB_insufficient_repeat_dates,20210720,1,,,20210720:-0.450,-116.77431987299997,40.51322349600008,519119.00001305516,4484747.000118879
3724,3724,1,"EPSG:4269:-116.770610767000,40.517468435000",BM2,Battle Mountain,1.3,positive_2mDAB_insufficient_repeat_dates,20210719,1,,,20210719:0.500,-116.770610767,40.51746843500007,519431.9999975939,4485219.000159399
3793,3793,1,"EPSG:4269:-116.769533224000,40.625185698000",BM 80,Battle Mountain,1.4,positive_2mDAB_insufficient_repeat_dates,20210818,1,,,20210818:-0.900,-116.76953322399999,40.62518569800005,519491.9999745813,4497176.000132061
3794,3794,1,"EPSG:4269:-116.769482940000,40.619176715000",BM 79,Battle Mountain,2.1,positive_2mDAB_insufficient_repeat_dates,20210818,1,,,20210818:-0.200,-116.76948293999999,40.61917671500004,519498.0000055662,4496509.00014354
3795,3795,1,"EPSG:4269:-116.769456510000,40.630302549000",BM 81,Battle Mountain,2.2,positive_2mDAB_insufficient_repeat_dates,20210818,1,,,20210818:-0.050,-116.76945650999994,40.63030254900008,519497.0000183403,4497744.000071082
3779,3779,1,"EPSG:4269:-116.768709851000,40.579365037000",BM59,Battle Mountain,0.7,positive_2mDAB_insufficient_repeat_dates,20210723,1,,,20210723:1.700,-116.76870985099998,40.57936503700006,519575.00001805084,4492090.000115297
3799,3799,1,"EPSG:4269:-116.768613875000,40.614066971000",BM 78,Battle Mountain,2.5,positive_2mDAB_insufficient_repeat_dates,20210818,1,,,20210818:0.350,-116.76861387499997,40.61406697100006,519573.00001704437,4495942.000086862
3798,3798,1,"EPSG:4269:-116.768561098000,40.608805705000",BM 77,Battle Mountain,2.4,positive_2mDAB_insufficient_repeat_dates,20210818,1,,,20210818:0.250,-116.76856109799996,40.608805705000066,519579.000006352,4495358.000109941
3797,3797,1,"EPSG:4269:-116.768259304000,40.603778165000",BM 76,Battle Mountain,2.4,positive_2mDAB_insufficient_repeat_dates,20210818,1,,,20210818:0.250,-116.76825930399997,40.60377816500005,519605.99995752005,4494800.000143846
3781,3781,1,"EPSG:4269:-116.768112756000,40.584616018000",BM60,Battle Mountain,2.7,positive_2mDAB_insufficient_repeat_dates,20210723,1,,,20210723:3.700,-116.768112756,40.58461601800008,519623.9999653061,4492673.000071866
3796,3796,1,"EPSG:4269:-116.767865151000,40.598128823000",BM 75,Battle Mountain,2.4,positive_2mDAB_insufficient_repeat_dates,20210818,1,,,20210818:0.250,-116.76786515099997,40.598128823000025,519641.0000187234,4494173.000158082
3721,3721,1,"EPSG:4269:-116.767113491000,40.514947933000",BM1,Battle Mountain,0.8,positive_2mDAB_insufficient_repeat_dates,20210719,1,,,20210719:0.000,-116.76711349099998,40.51494793300003,519728.99997661775,4484940.000162367
3770,3770,1,"EPSG:4269:-116.757242366000,40.564783131000",BM50,Battle Mountain,2.9,positive_2mDAB_insufficient_repeat_dates,20210722,1,,,20210722:4.550,-116.75724236599996,40.56478313100007,520549.9999609541,4490474.000138315
3769,3769,1,"EPSG:4269:-116.756698184000,40.561736974000",BM49,Battle Mountain,0.9,positive_2mDAB_insufficient_repeat_dates,20210722,1,,,20210722:2.550,-116.75669818399996,40.56173697400004,520596.99998676317,4490136.000082021
3613,3613,1,"EPSG:4269:-116.552106504000,40.421512608000",CV42B,Crescent Valley,0.5,positive_2mDAB_insufficient_repeat_dates,20180602,1,,,20180602:0.200,-116.552106504,40.42151260800006,537996.0000367335,4474639.000086315
3611,3611,1,"EPSG:4269:-116.516612728000,40.362260697000",CV40,Crescent Valley,0.3,positive_2mDAB_insufficient_repeat_dates,20180602,1,,,20180602:-1.500,-116.51661272799998,40.36226069700007,541042.9999776802,4468078.000154771
3607,3607,1,"EPSG:4269:-116.504418192000,40.350046677000",CV36,Crescent Valley,1.8,positive_2mDAB_insufficient_repeat_dates,20180602,1,,,20180602:-0.100,-116.50441819199995,40.35004667700008,542086.0000261245,4466728.000158518
3615,3615,1,"EPSG:4269:-116.496480514000,40.332768760000",CV44,Crescent Valley,0.2,positive_2mDAB_insufficient_repeat_dates,20180602,1,,,20180602:-0.100,-116.49648051399998,40.33276876000008,542771.0000129973,4464814.000137913
3605,3605,1,"EPSG:4269:-116.487077044000,40.360394706000",CV34,Crescent Valley,0.1,positive_2mDAB_insufficient_repeat_dates,20180602,1,,,20180602:-0.700,-116.48707704399999,40.36039470600008,543552.0000009398,4467885.000059994
3588,3588,1,"EPSG:4269:-116.485214807000,40.369873092000",CV18,Crescent Valley,0.9,positive_2mDAB_insufficient_repeat_dates,20180601,1,,,20180601:1.400,-116.48521480699998,40.369873092000034,543703.999968122,4468938.000073288
3603,3603,1,"EPSG:4269:-116.477905995000,40.367588036000",CV32,Crescent Valley,0.4,positive_2mDAB_insufficient_repeat_dates,20180602,1,,,20180602:-0.800,-116.47790599499996,40.36758803600003,544325.9999773065,4468688.00007536
3617,3617,1,"EPSG:4269:-116.477733066000,40.341154296000",CV46,Crescent Valley,1.2,positive_2mDAB_insufficient_repeat_dates,20180602,1,,,20180602:-0.600,-116.47773306599998,40.34115429600007,544358.0000217388,4465754.000059629
3591,3591,1,"EPSG:4269:-116.467750391000,40.330468909000",CV20,Crescent Valley,1.2,positive_2mDAB_insufficient_repeat_dates,20180601,1,,,20180601:-0.100,-116.46775039099998,40.33046890900005,545212.9999824511,4464573.000146557
3586,3586,1,"EPSG:4269:-116.462416799000,40.351345602000",CV16,Crescent Valley,1.7,positive_2mDAB_insufficient_repeat_dates,20180601,1,,,20180601:-1.700,-116.46241679899998,40.35134560200004,545652.0000084396,4466893.000146425
3592,3592,1,"EPSG:4269:-116.462321536000,40.323299484000",CV21,Crescent Valley,0.1,positive_2mDAB_insufficient_repeat_dates,20180601,1,,,20180601:0.100,-116.46232153599999,40.323299484000074,545679.0000242988,4463780.000078583
3593,3593,1,"EPSG:4269:-116.462135347000,40.315613738000",CV22,Crescent Valley,0.4,positive_2mDAB_insufficient_repeat_dates,20180601,1,,,20180601:-0.400,-116.46213534699996,40.315613738000025,545699.9999781739,4462927.00011257
3578,3578,1,"EPSG:4269:-116.450853035000,40.312146228000",CV08,Crescent Valley,2.0,positive_2mDAB_insufficient_repeat_dates,20180601,1,,,20180601:1.300,-116.45085303499997,40.312146228000074,546661.0000177216,4462548.000140906
3582,3582,1,"EPSG:4269:-116.450274915000,40.331189000000",CV12,Crescent Valley,2.3,positive_2mDAB_insufficient_repeat_dates,20180601,1,,,20180601:-0.800,-116.45027491499997,40.33118900000005,546697.0000343586,4464662.000158683
3580,3580,1,"EPSG:4269:-116.443084520000,40.326604949000",CV10,Crescent Valley,1.7,positive_2mDAB_insufficient_repeat_dates,20180601,1,,,20180601:0.800,-116.44308451999996,40.32660494900006,547311.0000049161,4464157.000139629
3576,3576,1,"EPSG:4269:-116.440118885000,40.319392260000",CV06,Crescent Valley,0.4,positive_2mDAB_insufficient_repeat_dates,20180601,1,,,20180601:1.900,-116.44011888499995,40.31939226000003,547568.0000036133,4463358.000131608
3584,3584,1,"EPSG:4269:-116.421951114000,40.324303024000",CV14,Crescent Valley,3.5,positive_2mDAB_insufficient_repeat_dates,20180601,1,,,20180601:-0.200,-116.42195111399997,40.32430302400007,549107.9999883267,4463913.000156922
3619,3619,1,"EPSG:4269:-116.406918809000,40.337848850000",CV48,Crescent Valley,0.2,positive_2mDAB_insufficient_repeat_dates,20180602,1,,,20180602:0.200,-116.40691880899999,40.33784885000006,550374.9999711622,4465425.000085078
3621,3621,1,"EPSG:4269:-116.382878371000,40.355876576000",CV50,Crescent Valley,1.5,positive_2mDAB_insufficient_repeat_dates,20180602,1,,,20180602:-0.500,-116.38287837099995,40.35587657600007,552403.000009291,4467440.000091629
3623,3623,1,"EPSG:4269:-116.366303861000,40.369003369000",CV52,Crescent Valley,0.2,positive_2mDAB_insufficient_repeat_dates,20180602,1,,,20180602:0.000,-116.36630386099995,40.36900336900004,553800.0000261253,4468907.0000997605
3625,3625,1,"EPSG:4269:-116.347732183000,40.383323716000",CV54,Crescent Valley,0.5,positive_2mDAB_insufficient_repeat_dates,20180602,1,,,20180602:1.300,-116.34773218299995,40.38332371600006,555365.0000021353,4470508.000101987
3627,3627,1,"EPSG:4269:-116.298660878000,40.390414958000",CV56,Crescent Valley,0.8,positive_2mDAB_insufficient_repeat_dates,20180602,1,,,20180602:-1.000,-116.29866087799996,40.390414958000065,559524.0000279921,4471327.000156387
3628,3628,1,"EPSG:4269:-116.290416079000,40.391265565000",CV57,Crescent Valley,0.2,positive_2mDAB_insufficient_repeat_dates,20180602,1,,,20180602:-1.400,-116.29041607899995,40.391265565000026,560223.0000026453,4471427.0000772495
3629,3629,1,"EPSG:4269:-116.285660594000,40.397515610000",CV58,Crescent Valley,0.7,positive_2mDAB_insufficient_repeat_dates,20180602,1,,,20180602:-0.800,-116.28566059399998,40.39751561000003,560621.0000223642,4472124.000157697
3631,3631,1,"EPSG:4269:-116.278724629000,40.423580769000",CV60,Crescent Valley,1.1,positive_2mDAB_insufficient_repeat_dates,20180602,1,,,20180602:0.300,-116.27872462899995,40.42358076900007,561186.000005082,4475022.000131584
3597,3597,1,"EPSG:4269:-116.275819270000,40.451562591000",CV26,Crescent Valley,0.4,positive_2mDAB_insufficient_repeat_dates,20180602,1,,,20180602:0.300,-116.27581926999994,40.45156259100003,561406.9999848981,4478130.000119906
3633,3633,1,"EPSG:4269:-116.275035559000,40.439990134000",CV62,Crescent Valley,1.3,positive_2mDAB_insufficient_repeat_dates,20180602,1,,,20180602:1.400,-116.27503555899995,40.43999013400003,561484.000016596,4476846.000134047
3595,3595,1,"EPSG:4269:-116.274485193000,40.430860557000",CV24,Crescent Valley,0.3,positive_2mDAB_insufficient_repeat_dates,20180602,1,,,20180602:0.300,-116.27448519299998,40.430860557000074,561539.0000010056,4475833.000108525
3632,3632,1,"EPSG:4269:-116.274484612000,40.430914607000",CV61,Crescent Valley,0.4,positive_2mDAB_insufficient_repeat_dates,20180602,1,,,20180602:0.000,-116.27448461199998,40.430914607000034,561539.0000109797,4475839.000060015
3599,3599,1,"EPSG:4269:-116.254659120000,40.481752223000",CV28,Crescent Valley,0.2,positive_2mDAB_insufficient_repeat_dates,20180602,1,,,20180602:0.900,-116.25465911999999,40.48175222300006,563173.0000355793,4481496.0001492845
